X,Y,OBJECTID,FEATURE_ID,NAME,INF_TYPE,REP_GROUP,DESCRIPTIO,PIPE_SYS,POINT_DESC,CRS_CODE,CRS_NAME,ORIG_X_LON,ORIG_Y_LAT,STATUS,COMMENTS,START_DATE,END_DATE,END_REAS,UPD_DATE,UPD_TYPE,UPD_REAS,LEGACY_ID,PLAT_FLAG
0.808234943000059,57.2565330310001,1,bcb1c849-dc88-4c24-83a9-e95310037e3b,ANASURIA,FPSO,ANASURIA OPERATING COMPANY LIMITED,FPSO (ANASURIA),Fulmar Gas Pipeline,,23090,"TM 0 N, ED50",548850,6346448,ACTIVE,"amend Company Identifying Installation and Installation Owner from SHELL to ANASURIA, Shell have been informed.",,,,2024/11/26 00:00:00+00,NO CHANGE,NO CHANGE TO PREVIOUS SUBMISSION,700002106,
1.55763208400003,59.533807617,2,f3725b3a-1c44-4944-ac56-2775113bc8f1,BERYL SPM-3,SBM,APACHE CORPORATION,SPM-3, , ,4326,GCS_WGS_1984,1.5575667,59.5338333,ACTIVE, ,,, ,2024/11/26 00:00:00+00,MODIFY,Position updated,700002045, 
1.53342593200006,59.545820066,3,ee04614a-d911-4e71-a0b5-aad848300d22,BERYL FLARE,PLATFORM,APACHE CORPORATION,FLARE BRIDGE/VERTICAL STACK, , ,4326,GCS_WGS_1984,1.5327333,59.5459833,ACTIVE, ,,, ,2024/11/26 00:00:00+00,NO CHANGE,NO CHANGE,700002042, 
1.53421542300003,59.5445885290001,4,ba90780a-347a-4ed7-a849-62053d0ea4be,BERYL A,PLATFORM,APACHE CORPORATION,PRODUCTION DRILLING CONCRETE GRAVITY BASE, , ,4326,GCS_WGS_1984,1.5340667,59.5446167,ACTIVE, ,,, ,2024/11/26 00:00:00+00,NO CHANGE,NO CHANGE,700002034, 
1.56116112700005,59.553722877,5,4bb90fc7-1697-4a2d-89cd-a6465e2ef278,BERYL SPM-2,SBM,APACHE CORPORATION,SPM-2, , ,4326,GCS_WGS_1984,1.561,59.5537667,ACTIVE, ,,, ,2024/11/26 00:00:00+00,NO CHANGE,NO CHANGE,700002032, 
1.53635839600003,59.5451212400001,6,1e078993-d72a-4423-9581-7c03678adb16,BERYL A RISER,PLATFORM,APACHE CORPORATION,RISER STEEL, , ,4326,GCS_WGS_1984,1.53625,59.5451167,ACTIVE, ,,, ,2024/11/26 00:00:00+00,NO CHANGE,NO CHANGE,700002044, 
0.901627943000051,57.7217610970001,7,6b746730-66c1-4075-a97d-5ee9b2288b21,FORTIES DELTA,PLATFORM,APACHE CORPORATION,FORTIES DELTA,Forties Pipeline System (FPS), ,23031,ED_1950_UTM_Zone_31N,375102.9,6399882.5,ACTIVE, ,1975/06/30 00:00:00+00,, ,2024/11/26 00:00:00+00,NO CHANGE,NO CHANGE,700002147, 
0.968956002000027,57.7312014680001,8,9cab0e3e-ccf1-40d0-bfcb-b3902cabc80f,FASP,PLATFORM,APACHE CORPORATION,FORTIES ALPHA SUPPORT PLATFORM, , ,23031,ED_1950_UTM_Zone_31N,379143.7,6400811.46,ACTIVE, ,2013/06/30 00:00:00+00,, ,2024/11/26 00:00:00+00,NO CHANGE,NO CHANGE,700003547, 
0.913570459000027,57.7486612650001,9,0978a4c7-f031-4f81-94b2-f7653985a1f8,FORTIES BRAVO,PLATFORM,APACHE CORPORATION,FORTIES BRAVO,Forties Pipeline System (FPS), ,23031,ED_1950_UTM_Zone_31N,375906.32,6402854.45,ACTIVE, ,1974/08/31 00:00:00+00,, ,2024/11/26 00:00:00+00,NO CHANGE,NO CHANGE,700001918, 
1.03063263600006,57.715561479,10,7721311b-c72a-4ce9-ac03-4032b3b0b750,FORTIES ECHO,PLATFORM,APACHE CORPORATION,FORTIES ECHO,Forties Pipeline System (FPS), ,23031,ED_1950_UTM_Zone_31N,382765.55,6398961.83,ACTIVE, ,1986/06/30 00:00:00+00,, ,2024/11/26 00:00:00+00,NO CHANGE,NO CHANGE,700001920, 
1.51146091300006,59.6097880950001,11,e1299f05-cd22-434a-a807-709cc389248a,BERYL B,PLATFORM,APACHE CORPORATION,PRODUCTION DRILLING STEEL, , ,4326,GCS_WGS_1984,1.51135,59.6097833,ACTIVE, ,,, ,2024/11/26 00:00:00+00,NO CHANGE,NO CHANGE,700002033, 
0.845940374000065,57.7263116180001,12,cc344de9-8dbd-4d96-92d9-1d0ce4fa4c29,FORTIES CHARLIE,PLATFORM,APACHE CORPORATION,FORTIES CHARLIE,Forties Pipeline System (FPS), ,23031,ED_1950_UTM_Zone_31N,371802.68,6400493.04,ACTIVE, ,1975/06/01 00:00:00+00,, ,2024/11/26 00:00:00+00,NO CHANGE,NO CHANGE,700001919, 
0.971228588000031,57.7313078710001,13,2738d5cb-d683-48ae-8ef3-b2a13350f1cd,FORTIES ALPHA,PLATFORM,APACHE CORPORATION,FORTIES ALPHA,Forties Pipeline System (FPS), ,23031,ED_1950_UTM_Zone_31N,379279.66,6400818.79,ACTIVE, ,1974/07/31 00:00:00+00,, ,2024/11/26 00:00:00+00,NO CHANGE,NO CHANGE,700001917, 
-2.54428572299997,60.6918171450001,14,f905bfad-bbbb-4fab-9ec1-b72200dc24ed,Clair,PLATFORM,BP EXPLORATION,Clair Platform,,,4230,ED50,-2.54245444,60.69239222,ACTIVE,,,,,2024/11/26 00:00:00+00,NO CHANGE,,,
-2.49689143799998,60.735859245,15,fc8d46d4-f315-4784-ae95-31a56676030a,Clair Ridge QU,PLATFORM,BP EXPLORATION,Clair Ridge QU Platform,,,4230,ED50,-2.495059,60.736432,ACTIVE,,,,,2024/11/26 00:00:00+00,NO CHANGE,,,
-4.06785332699997,60.3563916300001,16,652c31d5-3db1-4735-9055-fd6b033e2c97,Glen Lyon,FPSO,BP EXPLORATION,Glen Lyon FPSO,,,4230,ED50,-4.066,60.357,ACTIVE,,,,,2024/11/26 00:00:00+00,NO CHANGE,,,
-2.49422295599993,60.7364064720001,17,1a7679d2-567a-4b0f-8789-08baa0c6c89c,Clair Ridge DP,PLATFORM,BP EXPLORATION,Clair Ridge DP Platform,,,4230,ED50,-2.49239056,60.73697917,ACTIVE,,,,,2024/11/26 00:00:00+00,NO CHANGE,,,
1.40272595800008,58.0469101960001,18,e782ca1e-712f-48a0-a464-432cba2bc937,Andrew,PLATFORM,BP EXPLORATION,Andrew Platform,,,4230,ED50,1.40432,58.047534,ACTIVE,,,,,2024/11/26 00:00:00+00,NO CHANGE,,,
1.99633531100005,57.3747809180001,19,d22d5405-a16f-48b1-b04e-0ab21f569727,Mungo Platform,PLATFORM,BP EXPLORATION,Mungo Platform,,,4230,ED50,1.997885,57.375422,ACTIVE,,,,,2024/11/26 00:00:00+00,NO CHANGE,,,
1.66146685400003,57.2944511760001,20,e04a7828-845d-4842-94fc-88775b924584,ETAP PDR,PLATFORM,BP EXPLORATION,Marnock PDR Platform,,,4230,ED50,1.66302222,57.29509917,ACTIVE,,,,,2024/11/26 00:00:00+00,NO CHANGE,,,
1.66079798000004,57.2936100270001,21,f7503771-7488-46d9-b59b-a32c2600ed9f,ETAP QU,PLATFORM,BP EXPLORATION,Marnock QU Platform,,,4230,ED50,1.66235333,57.29425806,ACTIVE,,,,,2024/11/26 00:00:00+00,NO CHANGE,,,
1.44612598700007,53.24125386,22,b2396cd7-04dd-4e22-a751-5f3fe399cc4b,BLYTHE JACKET,PLATFORM,CALENERGY GAS (HOLDINGS),BLYTHE JACKET CRP,,,0,,0,0,ACTIVE,,,,,2024/11/26 00:00:00+00,RECEIVED,"Sale in Aug 2024, from IOG to CER",,
2.09689296200003,53.1832769960001,23,3778d6a3-5f34-4cd2-9659-6f0f04c8ea44,SOUTHWARK JACKET,PLATFORM,CALENERGY GAS (HOLDINGS),SOUTHWARK JACKET,,,0,,0,0,ACTIVE,,,,,2024/11/26 00:00:00+00,RECEIVED,"Sale in Aug 2024, from IOG to CER",,
0.440519739000024,53.8330770360001,24,768a37e5-82e8-4284-998a-c51da57d4884,ROUGH BD,PLATFORM,CENTRICA STORAGE HOLDINGS,ROUGH BD,,,4230,GCS_European_1950,0.4419167,53.83386,ACTIVE,"Rough BD, BP and CD, three platforms linked by two footbridges",1984/01/01 00:00:00+00,,,2024/11/26 00:00:00+00,NO CHANGE,Description update - Injection operations re-commenced,700001890,
0.441603031000056,53.8337720590001,25,8650c995-7b36-44eb-a5a3-0633614ad4d5,ROUGH BP,PLATFORM,CENTRICA STORAGE HOLDINGS,ROUGH BP,,,4230,GCS_European_1950,0.443,53.834555,ACTIVE,"Rough BD, BP and CD, three platforms linked by two footbridges",1984/01/01 00:00:00+00,,,2024/11/26 00:00:00+00,NO CHANGE,Description update - Injection operations re-commenced,700001891,
0.442491324000059,53.834438812,26,e2f6d721-20fd-44a8-9fa2-63508e0ddc39,ROUGH CD,PLATFORM,CENTRICA STORAGE HOLDINGS,ROUGH CD,,,4230,GCS_European_1950,0.4438883,53.8352217,ACTIVE,"Rough BD, BP and CD, three platforms linked by two footbridges",1985/01/01 00:00:00+00,,,2024/11/26 00:00:00+00,NO CHANGE,Description update - Injection operations re-commenced,700001892,
0.469796694000024,53.8244670870001,27,94631e9f-dda9-48f4-be3a-9355ff741980,ROUGH AD,PLATFORM,CENTRICA STORAGE HOLDINGS,ROUGH AD,,,4230,GCS_European_1950,0.4711933,53.82525,NOT IN USE,"Rough AD and AP, two platforms linked by a footbridge",1975/01/01 00:00:00+00,,,2024/11/26 00:00:00+00,NO CHANGE,Status update - Platform cold stacked and no longer in use.,700001889,
0.470658382000067,53.8248838100001,28,95277267-11ac-4f7f-8c9e-b2011cbf1e13,ROUGH AP,PLATFORM,CENTRICA STORAGE HOLDINGS,ROUGH AP,,,4230,GCS_European_1950,0.472055,53.8256667,NOT IN USE,"Rough AD and AP, two platforms linked by a footbridge",1975/01/01 00:00:00+00,,,2024/11/26 00:00:00+00,NO CHANGE,Status update - Platform cold stacked and no longer in use.,700001888,
-0.97640559499996,57.814479271,29,7868d063-f801-442a-805a-9796dca9d384,PS – PRODUCTION SWEETENING PLATFORM,PLATFORM,CNOOC INTERNATIONAL,PS – PRODUCTION SWEETENING PLATFORM,BUZZARD, ,23030,"UTM30, ED50",620321.84,6410074.84,ACTIVE, ,2010/05/01 00:00:00+00,, ,2024/11/26 00:00:00+00,NO CHANGE,,,
-0.917835353999976,57.960090253,30,94186ea2-89d1-479e-9634-5ecf4ca88671,GOLDEN EAGLE PUQ PLATFORM,PLATFORM,CNOOC INTERNATIONAL,GOLDEN EAGLE PUQ PLATFORM,GEAD, ,23030,"UTM30, ED50",623301.742,6426386.855,ACTIVE, ,2014/10/01 00:00:00+00,, ,2024/11/26 00:00:00+00,NO CHANGE,,700003524,
-0.91773750599998,57.96126811,31,d8d2d6d5-9e78-4dba-a026-9986d6002969,GOLDEN EAGLE WELLHEAD PLATFORM,PLATFORM,CNOOC INTERNATIONAL,GOLDEN EAGLE WELLHEAD PLATFORM,GEAD, ,23030,"UTM30, ED50",623303.49,6426518.13,ACTIVE, ,2014/10/01 00:00:00+00,, ,2024/11/26 00:00:00+00,NO CHANGE,,700003526,
-0.976005230999931,57.8135574300001,32,ba4069ee-6a7e-4e53-bd05-ff98fb9ddfec,PP – PRODUCTION PLATFORM,PLATFORM,CNOOC INTERNATIONAL,PP – PRODUCTION PLATFORM,BUZZARD, ,23030,"UTM30, ED50",620348.69,6409972.95,ACTIVE,"Height of jacket substructure above LAT -26m. Temp Nav Aid - 1 no. 10 nautical mile main lantern, with GPS synchro unit.",2005/06/03 00:00:00+00,, ,2024/11/26 00:00:00+00,NO CHANGE,,700002574,
0.200593747000028,58.2887039460001,33,26df6790-4966-42c2-bc65-a98bb6ea58b2,SCOTT JD,PLATFORM,CNOOC INTERNATIONAL,PRODUCTION STEEL DRILLING,SCOTT, ,23031,"UTM31, ED50",335983.15,6464478.5,ACTIVE, ,1993/09/01 00:00:00+00,, ,2024/11/26 00:00:00+00,NO CHANGE,,700001883,
0.199030203000063,58.2883512080001,34,91046a87-f1c8-45d0-9482-2075dcd8d4fc,SCOTT JU,PLATFORM,CNOOC INTERNATIONAL,ACCOMMODATION STEEL JACK-UP,SCOTT, ,23031,"UTM31, ED50",335889.89,6464443.06,ACTIVE, ,1993/09/01 00:00:00+00,, ,2024/11/26 00:00:00+00,NO CHANGE,,700001884,
-0.977632893999953,57.812858787,35,3a833ec2-e78f-4b7b-8fea-49daa520922c,UP – UTILITIES/QUARTERS PLATFORM,PLATFORM,CNOOC INTERNATIONAL,UP – UTILITIES/QUARTERS PLATFORM,BUZZARD, ,23030,"UTM30, ED50",620254.33,6409892.3,ACTIVE,"Height of jacket substructure above LAT -26m. Temp Nav Aid - 1 no. 10 nautical mile main lantern, with GPS synchro unit.",2005/07/13 00:00:00+00,, ,2024/11/26 00:00:00+00,NO CHANGE,,700002576,
-0.974437684999941,57.8143146960001,36,7d86595c-5598-4a31-8c1a-0975b8aefbc9,WP – WELLHEAD PLATFORM,PLATFORM,CNOOC INTERNATIONAL,WP – WELLHEAD PLATFORM,BUZZARD, ,23030,"UTM30, ED50",620439.28,6410060.02,ACTIVE,Height of topsides module above LAT-61m (top of crane A-Frame). Max height of topsides module above LAT with the crane boom raised -88m (when crane boom installed).,2005/06/20 00:00:00+00,, ,2024/11/26 00:00:00+00,NO CHANGE,,700002575,
1.26494099100006,58.4777887750001,37,71bfdca3-f164-4b76-9de0-6e71827b702c,TIFFANY,PLATFORM,CNR INTERNATIONAL,PRODUCTION STEEL JACKET, ,PLATFORM CENTRE,0, ,0,0,ACTIVE, ,1992/01/01 00:00:00+00,, ,2024/11/26 00:00:00+00,NO CHANGE,NO CHANGE,700002183, 
1.41965820300004,60.9055582770001,38,7ac8fd20-5db0-49ec-8aeb-ac44a45e4764,NINIAN NORTHERN,PLATFORM,CNR INTERNATIONAL,NINIAN NORTHERN PLATFORM, ,Platform Centre,0, ,0,0,REMOVED, ,1978/01/01 00:00:00+00,2022/04/21 00:00:00+00,Jacket cut at LAT-88.5m and removed,2024/11/26 00:00:00+00,NO CHANGE,NO CHANGE,700002021, 
1.44879864500007,60.8050533960001,39,82be50fd-76b0-47bf-b834-5a2eaf19b41f,NINIAN SOUTHERN,PLATFORM,CNR INTERNATIONAL,NINIAN SOUTHERN PLATFORM, ,Platform Centre,0, ,0,0,ACTIVE, ,1977/05/01 00:00:00+00,, ,2024/11/26 00:00:00+00,NO CHANGE,NO CHANGE,700002022, 
1.46751255600003,60.856278365,40,10d5ca66-2158-4359-a187-13eabda984a8,NINIAN CENTRAL,PLATFORM,CNR INTERNATIONAL,NINIAN CENTRAL PLATFORM, ,Platform Centre,0, ,0,0,ACTIVE, ,1978/05/01 00:00:00+00,, ,2024/11/26 00:00:00+00,NO CHANGE,NO CHANGE,700002023, 
1.30795902500006,57.0074350360001,41,6a35acf8-2de0-4852-9d31-f68686a0705e,MARKER BUOY,BUOY,CNR INTERNATIONAL,BANFF SPECIAL MARKER BUOY, , ,0, ,0,0,ACTIVE, ,,, ,2024/11/26 00:00:00+00,NO CHANGE,NO CHANGE,710000269, 
1.33369563800005,57.013710368,42,79da2326-78ab-4269-a2d4-061d5667391c,CARDINAL BUOY 1,BUOY,CNR INTERNATIONAL,BANFF EAST CARDINAL BUOY, , ,0, ,0,0,ACTIVE, ,,, ,2024/11/26 00:00:00+00,NO CHANGE,NO CHANGE,710000265, 
1.33480775500004,54.289859322,43,e1eb9e10-1e81-4089-9d23-936a0791a3ad,KILMAR NUI,PLATFORM,ENERGEAN PLC,PLATFORM STEEL,,,23031,ED_1950_UTM_Zone_31N,391699.76,6017263.17,ACTIVE,"ODE AM appointed Installation Operator Oct. 2021; Energean is the Licence Operator",,,,2024/11/26 00:00:00+00,RECEIVED,Change of Control of Waldorf to Energean,700002554,
0.99494870500007,54.2724837700001,44,d5293647-7188-4f7a-ad73-513bac7d9f14,GARROW NUI,PLATFORM,ENERGEAN PLC,GARROW,,,23031,ED_1950_UTM_Zone_31N,369525.43,6015905.66,ACTIVE,"ODE AM appointed Installation Operator Oct. 2021; Energean is the Licence Operator",2006/10/23 00:00:00+00,,,2024/11/26 00:00:00+00,RECEIVED,Change of Control of Waldorf to Energean,700002600,
2.29386963900004,53.588077728,45,2f986518-a867-4a08-b9ee-346720078c73,WENLOCK NUI,PLATFORM,ENERGEAN PLC,WENLOCK,,,23031,ED_1950_UTM_Zone_31N,453347.2,5938135.7,ACTIVE,"ODE AM appointed Installation Operator Oct. 2021; Energean is the Licence Operator",2006/10/23 00:00:00+00,,,2024/11/26 00:00:00+00,RECEIVED,Change of Control of Waldorf to Energean,700002601,
-3.67294191399998,53.6258647810001,46,4eb63552-e86a-4879-8946-e96ca70cf21b,CONWY PLATFORM,PLATFORM,ENI UK LIMITED,CONWY NPAI PLATFORM,Liverpool Bay,,23030,"UTM30, ED50",455595.57,5942325.87,ACTIVE,,2013/01/21 00:00:00+00,,,2024/11/26 00:00:00+00,NO CHANGE,NO CHANGE,700003424,
-3.54599535199998,53.682746369,47,d24aac6c-1b84-4c25-b089-beba09c1595f,OSI (OFFSHORE STORAGE INST.),FPSO,ENI UK LIMITED,STORAGE UNIT ATTACHED TO CALRAM BUOY,Liverpool Bay,,23030,"UTM30, ED50",464039.78,5948582.23,ACTIVE,,1995/01/01 00:00:00+00,,,2024/11/26 00:00:00+00,NO CHANGE,NO CHANGE,700001901,
-3.57678589999995,53.5372063550001,48,44fb673e-de8e-4b25-aa86-e177d05a86d5,DOUGLAS DW,PLATFORM,ENI UK LIMITED,WELLHEAD STEEL,Liverpool Bay,,23030,"UTM30, ED50",461874.97,5932406.63,ACTIVE,,1995/01/01 00:00:00+00,,,2024/11/26 00:00:00+00,NO CHANGE,NO CHANGE,700001897,
-3.45431294099996,53.5659753730001,49,4fe59ce4-602e-4525-8bba-9e8bb447c03a,HAMILTON,PLATFORM,ENI UK LIMITED,WELLHEAD STEEL,Liverpool Bay,,23030,"UTM30, ED50",470012.16,5935548.5,ACTIVE,,1995/01/01 00:00:00+00,,,2024/11/26 00:00:00+00,NO CHANGE,NO CHANGE,700001898,
-3.57822084999998,53.537201329,50,77587079-8a79-4a15-a420-ff8a3e0d0df8,DOUGLAS DP,PLATFORM,ENI UK LIMITED,PRODUCTION STEEL,Liverpool Bay,,23030,"UTM30, ED50",461779.86,5932406.84,ACTIVE,,1995/01/01 00:00:00+00,,,2024/11/26 00:00:00+00,NO CHANGE,NO CHANGE,700001896,
-3.47790036899994,53.646375983,51,818112e2-0161-433f-9d9a-b14e95e25788,HAMILTON NORTH,PLATFORM,ENI UK LIMITED,WELLHEAD STEEL,Liverpool Bay,,23030,"UTM30, ED50",468510.04,5944503.51,ACTIVE,,1995/01/01 00:00:00+00,,,2024/11/26 00:00:00+00,NO CHANGE,NO CHANGE,700001899,
-3.17640400599993,53.631347335,52,a9bc54ed-0c5d-4fbf-b257-bbdacfb7c713,LENNOX,PLATFORM,ENI UK LIMITED,WELLHEAD STEEL,Liverpool Bay,,23030,"UTM30, ED50",488435.99,5942739.87,ACTIVE,,1995/01/01 00:00:00+00,,,2024/11/26 00:00:00+00,NO CHANGE,NO CHANGE,700001900,
-3.57949422399997,53.5372347250001,53,23ba3205-8730-4093-bb18-80049daba7f7,DOUGLAS DA,PLATFORM,ENI UK LIMITED,ACCOMMODATION JACKUP,Liverpool Bay,,23030,"UTM30, ED50",461695.5,5932411.24,ACTIVE,,1995/01/01 00:00:00+00,,,2024/11/26 00:00:00+00,NO CHANGE,NO CHANGE,700001895,
1.69243641000003,53.1307495040001,54,1660b1f3-d6a7-4522-9efe-d6334e047477,B_48/29-9,BUOY,ENI UK LIMITED,MARK BUOY,Hewett System,,23031,"UTM31, ED50",412611,5887821,ACTIVE,Indicates the existance of subsea infrastructure,,,,2024/11/26 00:00:00+00,NO CHANGE,NO CHANGE,,
1.85299252100003,53.0864022100001,55,4ce23686-c542-4856-ad84-8eecb9696dc1,B_48/30-10,BUOY,ENI UK LIMITED,MARK BUOY,Hewett System,,23031,"UTM31, ED50",423272,5882703,ACTIVE,Indicates the existance of subsea infrastructure,,,,2024/11/26 00:00:00+00,NO CHANGE,NO CHANGE,,
1.88752070600003,53.0797544390001,56,9903d8f5-f04f-487f-8556-cf9d512c13dc,B_48/30-11,BUOY,ENI UK LIMITED,MARK BUOY,Hewett System,,23031,"UTM31, ED50",425577,5881926,ACTIVE,Indicates the existance of subsea infrastructure,,,,2024/11/26 00:00:00+00,NO CHANGE,NO CHANGE,,
1.87686340700003,53.0349396510001,57,73521241-9411-4699-9bd6-06b1a526d9d9,B_48/30-9,BUOY,ENI UK LIMITED,MARK BUOY,Hewett System,,23031,"UTM31, ED50",424779.5,5876957.5,ACTIVE,Indicates the existance of subsea infrastructure,,,,2024/11/26 00:00:00+00,NO CHANGE,NO CHANGE,,
1.76437567000005,53.0970465780001,58,5cd93984-b134-4c80-b7cd-79a273845678,48/29C,PLATFORM,ENI UK LIMITED,SATELLITE PLATFORM,Hewett System,,23031,"UTM31, ED50",417356,5883990.4,ACTIVE,,,,,2024/11/26 00:00:00+00,NO CHANGE,NO CHANGE,700002058,
1.68468137500003,53.0539947760001,59,295c7972-df3f-4ae8-b9ab-da37e338023d,48/29B,PLATFORM,ENI UK LIMITED,SATELLITE PLATFORM,Hewett System,,23031,"UTM31, ED50",411932.1,5879296.5,ACTIVE,,,,,2024/11/26 00:00:00+00,NO CHANGE,NO CHANGE,700002054,
1.84635841600004,52.998711918,60,f5b3f8d9-74dd-47ae-b8f1-bd9cc3486648,52/5A,PLATFORM,ENI UK LIMITED,SATELLITE PLATFORM,Hewett System,,23031,"UTM31, ED50",422669.2,5872960.4,ACTIVE,,,,,2024/11/26 00:00:00+00,NO CHANGE,NO CHANGE,700002057,
1.79418334700006,53.0167530000001,61,51dd22da-f4d7-4109-997e-3660fcfab339,48/29A-FTP,PLATFORM,ENI UK LIMITED,FIELD TERMINAL PLATFORM,Hewett System,,23031,"UTM31, ED50",419201.5,5875024.8,ACTIVE,,,,,2024/11/26 00:00:00+00,NO CHANGE,NO CHANGE,700002055,
1.79471294300004,53.0173293340001,62,7c85c032-90ae-4264-9152-748cad17e5a8,48/29A-P,PLATFORM,ENI UK LIMITED,PROCESS PLATFORM,Hewett System,,23031,"UTM31, ED50",419238.2,5875088.3,ACTIVE,,,,,2024/11/26 00:00:00+00,NO CHANGE,NO CHANGE,700002053,
1.79636086600004,53.0175716590001,63,f3613078-ada2-46f8-8f9b-68eb256c73b3,48/29A-Q,PLATFORM,ENI UK LIMITED,QUARTERS PLATFORM,Hewett System,,23031,"UTM31, ED50",419349.1,5875113.4,ACTIVE,,,,,2024/11/26 00:00:00+00,NO CHANGE,NO CHANGE,700002056,
2.28979402700003,54.5686385220001,64,b2a11664-5776-4826-bfb3-07251c8ed4a9,CYGNUS A (APU),PLATFORM,ENI UK LIMITED,"ALPHA PRODUCTION PLATFORM INCLUDES ACCOMODATION, PROCESS AND WELLHEAD PLATFORMS LINKED BY BRIDGES",,,4326,GCS_WGS_1984,2.289752,54.568642,ACTIVE,Alpha Process & Utilities Platform,2014/07/22 00:00:00+00,,,2024/11/26 00:00:00+00,NO CHANGE,NO CHANGE,700003567,
2.28844203700004,54.5681675230001,65,179b172b-151c-4776-a52f-8b0886d33a88,CYGNUS A (AUQ),PLATFORM,ENI UK LIMITED,ALPHA LIVING QUARTERS PLATFORM,,,4326,GCS_WGS_1984,2.2884,54.568171,ACTIVE,bridge linked to APU Alpha Process & Utilities Platform,2014/07/31 00:00:00+00,,,2024/11/26 00:00:00+00,NO CHANGE,NO CHANGE,700003587,
2.29114301500005,54.5690935200001,66,f944c1a3-6fcc-4ef3-af44-ef37aa5c490e,CYGNUS A (AWHP),PLATFORM,ENI UK LIMITED,ALPHA WELL HEAD PLATFORM,,,4326,GCS_WGS_1984,2.291101,54.569097,ACTIVE,bridge linked to APU Alpha Wellhead Platform,2014/05/12 00:00:00+00,,,2024/11/26 00:00:00+00,NO CHANGE,NO CHANGE,700003588,
2.19488117700007,54.5999325750001,67,62daf851-88c0-4ab9-9ac6-59a6aa952448,CYGNUS B (BWHP),PLATFORM,ENI UK LIMITED,CYGNUS B BRAVO WELL HEAD PLATFORM,,,4326,GCS_WGS_1984,2.194838,54.599936,ACTIVE,Bravo Wellhead Platform,2015/07/15 00:00:00+00,,,2024/11/26 00:00:00+00,NO CHANGE,NO CHANGE,700003568,
1.29299696800007,59.9254627330001,68,d968d54e-b10b-4d55-a81f-2e348d3b2a7a,KRAKEN FPSO,FPSO,ENQUEST PLC,KRAKEN FPSO,,,4326,GCS_WGS_1984,1.292867,59.925456,ACTIVE,,2015/04/01 00:00:00+00,,,2024/11/26 00:00:00+00,NO CHANGE,No Change,700003633,
0.937844322000046,60.9531322870001,69,5b5ba710-1974-4777-9ab2-89f3e3d76109,HEATHER A,PLATFORM,ENQUEST PLC,PRODUCTION DRILLING FIXED STEEL,,,4326,GCS_WGS_1984,0.9378833,60.95315,ACTIVE,,,,,2024/11/26 00:00:00+00,MODIFY,Point location update,700002007,
1.30562076900003,61.6196156500001,70,8eb2d157-e549-48e4-9296-2b057ee6fd16,MAGNUS,PLATFORM,ENQUEST PLC,PRODUCTION & DRILLING STEEL,Ninian System,,4326,GCS_WGS_1984,1.3054333,61.6196,ACTIVE,,,,,2024/11/26 00:00:00+00,NO CHANGE,No Change,700001946,
0.510666875000027,57.4676784820001,71,50c58648-4670-41fc-88c4-a6218f3ddf94,KITTIWAKE,PLATFORM,ENQUEST PLC,PRODUCTION DRILLING & ACCOMMODATION STEEL,,,23090,ED_1950_TM_0_N,530721,6369780,ACTIVE,,,,,2024/11/26 00:00:00+00,NO CHANGE,No Change,700002084,
1.57817335900006,61.362546487,72,13fe7722-fc50-4e5f-a5f9-c4c36393415a,THISTLE A,PLATFORM,ENQUEST PLC,PRODUCTION & DRILLING STEEL,Brent System,,4326,GCS_WGS_1984,1.5780167,61.3625333,ACTIVE,,,,,2024/11/26 00:00:00+00,NO CHANGE,No Change,700001960,
1.07638089300002,59.6082890530001,73,e8410621-9d68-44a1-9831-400173dd88f7,MARINER B FSU,FSO,EQUINOR ASA,MARINER B FSU, ,Center position of the platform,4230,ED50,1.0780555,59.60885871,ACTIVE, ,,, ,2024/11/26 00:00:00+00,NO CHANGE, ,700003734, 
1.05540521900002,59.588527351,74,c7f5190e-cd73-49aa-b3ab-1774f35929c9,MARINER PDQ JACKET,PLATFORM,EQUINOR ASA,MARINER JACKET, ,Center position of the platform,4230,ED50,1.05707946,59.58909802,ACTIVE, ,,, ,2024/11/26 00:00:00+00,NO CHANGE, ,700003733, 
1.05673476500004,59.5886938300001,75,1253f1f5-7fc5-4ef5-bc27-00cf32748202,Mariner Flare,FLARE STACK,EQUINOR ASA,Mariner Flare, ,approximate position,4230,ED50,1.05840898,59.58926447,ACTIVE, ,,, ,2024/11/26 00:00:00+00,NO CHANGE, ,, 
1.59600206600004,61.2742958870001,76,1732e277-b3e1-4f7b-b454-841eae44908e,DUNLIN A,PLATFORM,FAIRFIELD ENERGY LIMITED,"CONCRETE GRAVITY BASE STRUCTURE, TOPSIDES REMOVED, AID TO NAVIGATION INSTALLED ON LEG D.",BRENT SYSTEM,TOPSIDE CENTRE,4326,GCS_WGS_1984,1.59585,61.2742833,NOT IN USE,"DECOMISSIONED CGBS, TOPSIDES REMOVED. FOUR LEGS REMAIN ABOVE WATERLINE WITH AID TO NAVIGATION INSTALLED ON LEG D.",1977/06/06 00:00:00+00,2015/05/01 00:00:00+00,MAXIMISED ECONOMIC RECOVERY,2024/11/26 00:00:00+00,NO CHANGE,NO CHANGE,700002071, 
2.36394075300007,54.460029542,77,717ee788-25c7-4596-b2dc-da53ef684d4b,44/17A WELLHEAD MARKER BUOY KFB20/2012 AREA3,BUOY,HARBOUR ENERGY PLC,44/17A WELLHEAD MARKER BUOY KFB20/2012 AREA3, , ,4326,GCS_WGS_1984,2.3639,54.460033,ACTIVE,Asset transfer from ConocoPhillips to Chrysaor October 2019,2012/09/17 00:00:00+00,, ,2024/11/26 00:00:00+00,NO CHANGE,2022_05 CHR to HBR,700003470, 
2.47937406300002,54.3329131830001,78,4f77f70c-7c40-4d21-814f-daa8654c034c,44/23A KELVIN TM,PLATFORM,HARBOUR ENERGY PLC,KELVIN PLATFORM, , ,23031,ED_1950_UTM_Zone_31N,466235.27,620899.61,NOT IN USE,Platform has ceased production and will be P&Ad and transitioned to cold suspension in 2023,2007/05/27 00:00:00+00,, ,2024/11/26 00:00:00+00,NO CHANGE,2022_05 CHR to HBR | STATUS to NOT IN USE,700002730, 
1.84439910900005,57.9568185030001,79,0621475f-cbc3-4bf3-a91b-f04455bee528,ARMADA,PLATFORM,HARBOUR ENERGY PLC,ARMADA PLATFORM,CATS, ,23031,ED_1950_UTM_Zone_31N,431700,6424701,ACTIVE,Installed circa 1996.,,, ,2024/11/26 00:00:00+00,NO CHANGE,2022_05 CHR to HBR,700001893, 
2.15288204400002,54.24299883,80,a72c1585-41d9-4244-9a13-fd2f43ee2454,BOULTON,PLATFORM,HARBOUR ENERGY PLC,WELLHEAD GAS LIFT,CMS System, ,23031,ED_1950_UTM_Zone_31N,444885.15,6011101.42,NOT IN USE,Platform has ceased production and will be P&Ad and transitioned to cold suspension in 2023,1997/01/01 00:00:00+00,, ,2024/11/26 00:00:00+00,NO CHANGE,2022_05 CHR to HBR | STATUS to NOT IN USE,700001977, 
1.13726745800005,58.048017433,81,a2314fda-0964-4fbb-9610-c5f83c4bb589,BRITANNIA,PLATFORM,HARBOUR ENERGY PLC,PRODUCTION DRILLING STEEL,Forties Pipeline System (FPS), ,4326,GCS_WGS_1984,1.1371667,58.0480167,ACTIVE,Asset transfer from ConocoPhillips to Chrysaor October 2019,,, ,2024/11/26 00:00:00+00,NO CHANGE,2022_05 CHR to HBR,700001971, 
1.13972439700007,58.048134862,82,11c6e9fd-3fa6-4e63-84d0-1fe489c0ace7,BRITANNIA BLP,PLATFORM,HARBOUR ENERGY PLC,BRIDGE LINKED PLATFORM, , ,4230,GCS_European_1950,1.141225,58.0487611,ACTIVE,"Asset transfer from ConocoPhillips to Chrysaor October 2019 | Platform is an unmanned 4-legged structure, bridge linked to existing Britannia Platform, and is expected to become active, i.e. commence processing hydrocarbons, in June 2008",2006/08/01 00:00:00+00,, ,2024/11/26 00:00:00+00,NO CHANGE,2022_05 CHR to HBR,700002799, 
1.80213241900003,57.7574361590001,83,7e5b0e17-d6ba-48ed-b0e3-f60612316c44,CATS RISER,PLATFORM,HARBOUR ENERGY PLC,RISER STEEL,CATS, ,23031,ED_1950_UTM_Zone_31N,428805.92,6402549.23,ACTIVE, ,2017/07/07 00:00:00+00,, ,2024/11/26 00:00:00+00,NO CHANGE,2022_05 CHR to HBR,700001916, 
2.25414873300002,56.8491421140001,84,5d6bb73a-91e5-47f9-a8b4-6b8e34baa731,JADE,PLATFORM,HARBOUR ENERGY PLC,JADE,Norpipe Oil Pipeline, ,23031,ED_1950_UTM_Zone_31N,454596.5,6301054.6,ACTIVE,Asset transfer from ConocoPhillips to Chrysaor October 2019,,, ,2024/11/26 00:00:00+00,NO CHANGE,2022_05 CHR to HBR,700002494, 
2.20439613200006,56.7236089630001,85,830b5751-c219-4d70-a2ec-b9c68534a1ce,JASMINE JLQ,PLATFORM,HARBOUR ENERGY PLC,JASMINE LIVING QUARTERS PLATFORM, , ,23031,ED_1950_UTM_Zone_31N,451399.65,6287115.97,ACTIVE,Asset transfer from ConocoPhillips to Chrysaor October 2019,2012/07/17 00:00:00+00,, ,2024/11/26 00:00:00+00,NO CHANGE,2022_05 CHR to HBR | STATUS to ACTIVE,710000083, 
2.20606371700006,56.724407329,86,4246bb75-94eb-4692-9145-b882af32a9d4,JASMINE WELLHEAD PLATFORM,PLATFORM,HARBOUR ENERGY PLC,JASMINE WELLHEAD PLATFORM, , ,23031,ED_1950_UTM_Zone_31N,451502.73,6287203.65,ACTIVE,Asset transfer from ConocoPhillips to Chrysaor October 2019,2011/06/01 00:00:00+00,, ,2024/11/26 00:00:00+00,NO CHANGE,2022_05 CHR to HBR | STATUS to ACTIVE,700003353, 
2.33698546600004,56.696796519,87,1aa14b09-f775-48f2-8368-56e6e82287f2,JUDY,PLATFORM,HARBOUR ENERGY PLC,PRODUCTION DRILLING STEEL,Norpipe Oil Pipeline, ,4326,GCS_WGS_1984,2.3369333,56.6968,ACTIVE,Asset transfer from ConocoPhillips to Chrysaor October 2019,,, ,2024/11/26 00:00:00+00,NO CHANGE,2022_05 CHR to HBR,700002050, 
2.33554063400004,56.6980386370001,88,481b5d11-4870-4cf0-8301-c8d53f3de329,JUDY JRP,PLATFORM,HARBOUR ENERGY PLC,JUDY RISER PLATFORM, , ,23031,ED_1950_UTM_Zone_31N,459397.72,6284184.32,ACTIVE,Asset transfer from ConocoPhillips to Chrysaor October 2019,2012/07/11 00:00:00+00,, ,2024/11/26 00:00:00+00,NO CHANGE,2022_05 CHR to HBR | STATUS to ACTIVE,710000084, 
2.65926323700006,54.403035775,89,7874012f-dd38-4b03-b6f9-ef5d67f256fd,KATY KT,PLATFORM,HARBOUR ENERGY PLC,KATY PLATFORM, , ,23031,ED_1950_UTM_Zone_31N,477970.38,6028630.55,NOT IN USE,Platform has ceased production and will be P&Ad and transitioned to cold suspension in 2023,2012/07/04 00:00:00+00,, ,2024/11/26 00:00:00+00,NO CHANGE,2022_05 CHR to HBR | STATUS to NOT IN USE,710000085, 
2.17670897800002,57.2868973060001,90,fae34c19-30fe-4112-9979-774eeff7bbd5,LOMOND,PLATFORM,HARBOUR ENERGY PLC,PRODUCTION & DRILLING STEEL,CATS, ,4326,GCS_WGS_1984,2.17665,57.2869,ACTIVE, ,,, ,2024/11/26 00:00:00+00,NO CHANGE,2022_05 CHR to HBR,700001945, 
2.29875483400002,54.4338812400001,91,cef191a1-0bb9-4465-9ac5-4839b16eae07,MUNRO MH,PLATFORM,HARBOUR ENERGY PLC,MUNRO MH PLATFORM, , ,23031,ED_1950_UTM_Zone_31N,454602.22,6032235.62,NOT IN USE,Platform has ceased production and will be P&A'd and transitioned to cold suspension in 2023,2005/06/01 00:00:00+00,, ,2024/11/26 00:00:00+00,NO CHANGE,2022_05 CHR to HBR | STATUS to NOT IN USE,700002556, 
1.80006070100006,57.758033347,92,06c07a81-94f0-4b59-9c02-701f1045d980,NORTH EVEREST,PLATFORM,HARBOUR ENERGY PLC,PRODUCTION DRILLING STEEL,CATS, ,23031,ED_1950_UTM_Zone_31N,428683.82,6402617.89,ACTIVE, ,2017/07/07 00:00:00+00,, ,2024/11/26 00:00:00+00,NO CHANGE,2022_05 CHR to HBR,700001915, 
1.89626254900003,53.7243341490001,93,2e24a83f-a631-4ea5-8a26-4ea017482998,SATURN ND,PLATFORM,HARBOUR ENERGY PLC,SATURN ND PLATFORM, , ,23031,ED_1950_UTM_Zone_31N,427263.43,5953628.58,NOT IN USE,Platform is in cold suspension with no mobile hydrocarbons and is awaiting removal,2005/06/01 00:00:00+00,, ,2024/11/26 00:00:00+00,NO CHANGE,2022_05 CHR to HBR | STATUS to NOT IN USE,700002555, 
-3.66309884399993,53.8074897330001,94,c0125577-42a7-4e3b-9ab6-39b08c66547d,CALDER,PLATFORM,HARBOUR ENERGY PLC,REMOTE DRILLING AND PRODUCTION PLATFORM, , ,23030,ED_1950_UTM_Zone_30N,456421,5962526,ACTIVE, ,2002/10/01 00:00:00+00,, ,2024/11/26 00:00:00+00,NO CHANGE,Ownership change to Harbour,700002275, 
0.713131900000064,56.7701230500001,95,d88d85c1-070c-462d-948d-17367be30e14,CATCHER,FPSO,HARBOUR ENERGY PLC,BW CATCHER, , ,23031,ED_1950_UTM_Zone_31N,360321.94,6294344.36,ACTIVE, ,2017/10/19 00:00:00+00,, ,2024/11/26 00:00:00+00,NO CHANGE, ,700003809, 
-3.94673538499995,60.052108896,96,d6f3d73e-8040-43e9-8101-0180e3f783ed,HEV MOORING LINE SURFACE BUOY,BUOY,HARBOUR ENERGY PLC,HEV MOORING LINE SURFACE BUOY - SOLAN, , ,23030,ED_1950_UTM_Zone_30N,447330.59,6657813,ACTIVE,Yellow flashing surface buoy,,, ,2024/11/26 00:00:00+00,NO CHANGE, ,700003667, 
-3.86137143099995,54.0262395490001,97,0cf73cb0-d034-45ac-9aba-16ab594581f8,MILLOM WEST,PLATFORM,HARBOUR ENERGY PLC,REMOTE DRILLING AND PRODUCTION PLATFORM, , ,23030,ED_1950_UTM_Zone_30N,443658.67,5987003.4,NOT IN USE,"Platform is in warm suspension, live wells. P&A planned Q4 2023 / Q1 2024.",,, ,2024/11/26 00:00:00+00,MODIFY,2024_09 Status to Not in Use | 2023_05 Comment Updated,700002011, 
-3.97039196399993,60.061635811,98,5d56380f-5f6a-4425-bd94-22cb13224255,SOLAN,PLATFORM,HARBOUR ENERGY PLC,SOLAN PLATFORM, , ,4326,GCS_WGS_1984,-3.97125,60.061611,ACTIVE,Change in status - now active,2014/11/20 00:00:00+00,, ,2024/11/26 00:00:00+00,NO CHANGE,V37 FSIP submission -,710000166, 
0.75494522300005,57.721067487,99,06558d64-1abd-4e57-94fb-d71ea01ecd2b,FORTIES UNITY,PLATFORM,INEOS FPS LTD,RISER PLATFORM,Forties Pipeline System (FPS), ,4326,GCS_WGS_1984,0.7548333,57.7210667,ACTIVE, ,1993/01/01 00:00:00+00,, ,2024/11/26 00:00:00+00,NO CHANGE, ,700002160, 
0.432267942000067,54.5948113910001,102,e9447b39-45ed-49eb-a9ff-433a011f2002,BREAGH ALPHA,PLATFORM,INEOS INDUSTRIES,BREAGH ALPHA PLATFORM LOCATION, , ,23031,ED_1950_UTM_Zone_31N,334199.3,6052946.52,ACTIVE, ,2011/10/16 00:00:00+00,, ,2024/11/26 00:00:00+00,NO CHANGE,No changes to report,700003304, 
1.78338673500002,53.403848569,103,3afd4a44-a337-42ed-a864-2536d816524b,CLIPPER SOUTH,PLATFORM,INEOS INDUSTRIES,CLIPPER SOUTH PLATFORM, , ,23031,ED_1950_UTM_Zone_31N,419207.02,5918097.51,ACTIVE, ,2011/08/14 00:00:00+00,, ,2024/11/26 00:00:00+00,NO CHANGE,No changes to report,700003355, 
1.03263330300007,58.0478333090001,105,50993f84-939f-406a-bd0d-895a22d0398a,ALBA,FPSO,ITHACA ENERGY,ALBA FSU,,,4230,ED50,1.03423739,58.0484616,ACTIVE,,,,,2024/11/26 00:00:00+00,NO CHANGE,Description updated,700001974,
1.07963333500004,58.058033358,106,116e2e99-f034-465d-b313-58467d4d15fd,ALBA NORTH,PLATFORM,ITHACA ENERGY,ALBA NORTH (PRODUCTION DRILLING FIXED STEEL),,,4230,ED50,1.0812366,58.0586607,ACTIVE,,,,,2024/11/26 00:00:00+00,NO CHANGE,Description updated,700001973,
-1.77143323799993,58.3060500030001,107,1c4be57d-ddd6-4bfb-95df-c1d5aea699b3,CAPTAIN BLPA,PLATFORM,ITHACA ENERGY,CAPTAIN BLPA (WELLHEAD DRILLING & ACCOMMODATION STEEL),Frigg UK System,,4230,ED50,-1.7697436,58.3067041,ACTIVE,,,,,2024/11/26 00:00:00+00,NO CHANGE,Description updated,700002135,
-1.74474999599994,58.304883304,108,ccf07fe9-9d9e-4507-ab7f-ba4e301c03c5,CAPTAIN FPSO,FPSO,ITHACA ENERGY,CAPTAIN FPSO,,,4230,ED50,-1.7430611,58.3055371,ACTIVE,,,,,2024/11/26 00:00:00+00,NO CHANGE,Description updated,700002130,
-1.77023324299995,58.306816736,109,2fd1b2b4-6aff-4dba-a76f-82443aa13cf5,CAPTAIN WPPA,PLATFORM,ITHACA ENERGY,CAPTAIN WPPA (WELLHEAD DRILLING & ACCOMMODATION STEEL),,,4230,ED50,-1.7685436,58.30747079,ACTIVE,,,,,2024/11/26 00:00:00+00,NO CHANGE,Description updated,700002131,
2.06998046500007,57.0393151280001,110,3e347f9e-d8a1-4f0f-a1f4-886c0e83f730,ERSKINE,PLATFORM,ITHACA ENERGY,ERSKINE (NUI),Forties Pipeline System (FPS),,4230,ED50,2.07151459,57.0399674,ACTIVE,,,,,2024/11/26 00:00:00+00,NO CHANGE,Description updated,700002132,
2.10901262900006,56.780759813,111,d286743b-8c17-464e-8a64-c230a6075dee,FPF1,FPSO,ITHACA ENERGY,STELLA FPF1,,,4230,ED50,2.11053545,56.78142086,ACTIVE,,2016/08/30 00:00:00+00,,,2024/11/26 00:00:00+00,NO CHANGE,NONE,700003828,
0.440063523000049,54.04014241,112,b6fab6d1-8fa6-41a7-aba7-dea4d45ecc88,TOLMOUNT,PLATFORM,KELLAS MIDSTREAM,TOLMOUNT PLATFORM, , ,4326,GCS_WGS_1984,0.439806,54.040144,ACTIVE,Change in status from PRECOMMISSION to ACTIVE April 2022,,, ,2024/11/26 00:00:00+00,NO CHANGE,,, 
0.890872228000035,57.0832472270001,114,7f4a4958-379c-41c4-8b8e-77d215354ae0,TRITON FPSO,FPSO,DANA PETROLEUM LIMITED,TRITON FPSO, ,FPSO TURRET CENTRE,23090,ED_1950_TM_0_N,554093,6327228,ACTIVE,XY LOCATION CROSS REFERENCED AGAINST DOCUMENT UK-TRI-OP-SUB-STD-0001 REV01,2000/04/30 00:00:00+00,, ,2024/11/26 00:00:00+00,NO CHANGE,2024-03 RETURN. MOVED THE POINT TO REFLECT THAT QUOTED IN THE XY FIELD,700001886, 
1.21922937300008,53.963012313,115,a2480ab4-a44c-447b-b644-dbaa2f4ec403,BABBAGE,PLATFORM,NEO ENERGY GROUP,BABBAGE,,,23031,ED_1950_UTM_Zone_31N,383265,5981086,ACTIVE,,2009/09/20 00:00:00+00,,,2024/11/26 00:00:00+00,NO CHANGE,,700003029,
0.862614968000059,58.3528469180001,116,1f6b40c5-7c00-4328-9788-7194c0e9d156,FPSO GLOBAL PRODUCER III,FPSO,NEO ENERGY GROUP,FPSO GLOBAL PRODUCER III,Global Producer FPSO,,23031,ED_1950_UTM_Zone_31N,375010,6470195,ACTIVE,,2001/09/01 00:00:00+00,,,2024/11/26 00:00:00+00,NO CHANGE,,700002028,
2.86121541400007,53.1889309370001,117,a274738e-1a71-4dbc-93ec-00c8691d9602,SEAN PD,PLATFORM,ONE-DYAS,SEAN PP-PD PLATFORM COMPLEX,Sean System,,4326,GCS_WGS_1984,2.8611833,53.1889333,ACTIVE,,,,,2024/11/26 00:00:00+00,NO CHANGE,NO CHANGE,700002086,
2.86024879900003,53.188380909,118,1aea6a34-2521-4297-8953-d32f196f0b07,SEAN PP,PLATFORM,ONE-DYAS,SEAN PP-PD PLATFORM COMPLEX,Sean System,,4326,GCS_WGS_1984,2.8602167,53.1883833,ACTIVE,,,,,2024/11/26 00:00:00+00,NO CHANGE,NO CHANGE,700002170,
2.82623238100007,53.2253976060001,119,297cc795-613d-4a39-9683-c567b4e01951,SEAN RD,PLATFORM,ONE-DYAS,SEAN RD REMOTE PLATFORM,Sean System,,4326,GCS_WGS_1984,2.8262,53.2254,ACTIVE,,,,,2024/11/26 00:00:00+00,NO CHANGE,NO CHANGE,700002157,
2.81182313900007,53.2273757020001,120,bd306142-a42d-47cc-a10d-50184bab335a,SHELL 17 UK 49/25A (W. CARDINAL BUOY),BUOY,ONE-DYAS,SHELL 17 UK 49/25A (W. CARDINAL BUOY),,,23090,ED_1950_TM_0_N,687784,5901470,ACTIVE,,,,,2024/11/26 00:00:00+00,NO CHANGE,NO CHANGE,700002240,
2.85003218600002,53.199997561,121,c9aaf2f9-1224-4c91-83df-04a8a78f9923,SURFACE MOORING BUOY 1,OTHER (SURFACE),ONE-DYAS,MOORING BUOY 1 LOCATED BETWEEN ROMEO AND PAP PLATFORMS,,,4326,GCS_WGS_1984,2.85,53.2,ACTIVE,,,,,2024/11/26 00:00:00+00,NO CHANGE,NO CHANGE,700003770,
2.81670224500004,53.183327595,122,11283cd7-dcc3-44f0-a7d2-8ed3b06af8a3,SURFACE MOORING BUOY 2,OTHER (SURFACE),ONE-DYAS,MOORING BUOY 2 LOCATED BETWEEN ROMEO AND PAP PLATFORMS,,,4326,GCS_WGS_1984,2.81667,53.18333,ACTIVE,,,,,2024/11/26 00:00:00+00,NO CHANGE,NO CHANGE,700003772,
0.722652073000063,53.610687012,123,7fe69d1c-08b0-4f8f-a51a-555238737900,AMETHYST A1D,PLATFORM,PERENCO OIL & GAS,WELLHEAD STEEL,AMETHYST,CENTRE OF PLATFORM,23031,"UTM31, ED50",349434.2,5942829.7,NOT IN USE,,,,,2024/11/26 00:00:00+00,MODIFY,Staus Update,700001902,
0.789119951000032,53.6225065770001,124,8b225d07-a136-42ad-b400-210474c1a7df,AMETHYST A2D,PLATFORM,PERENCO OIL & GAS,WELLHEAD STEEL,AMETHYST,CENTRE OF PLATFORM,23031,"UTM31, ED50",353871.6,5944005.69,NOT IN USE,,,,,2024/11/26 00:00:00+00,NO CHANGE,No change from previous submission,700001903,
0.877327297000022,53.5610417840001,125,bd1e61b9-04bd-46ad-b51e-d98c5d580674,AMETHYST B1D,PLATFORM,PERENCO OIL & GAS,WELLHEAD STEEL,AMETHYST,CENTRE OF PLATFORM,23031,"UTM31, ED50",359500.6,5936991.3,NOT IN USE,,,,,2024/11/26 00:00:00+00,NO CHANGE,No change from previous submission,700001904,
0.602332112000056,53.644952942,126,10660efd-37da-4b9a-9f6c-2dc02c6aae35,AMETHYST C1D,PLATFORM,PERENCO OIL & GAS,WELLHEAD STEEL,AMETHYST,CENTRE OF PLATFORM,23031,"UTM31, ED50",341604.3,5946902.4,NOT IN USE,,,,,2024/11/26 00:00:00+00,NO CHANGE,No change from previous submission,700001905,
2.48446692800007,53.1974323970001,127,26a37543-3caf-4c9a-a4ec-332fa31b92ed,BESSEMER A,PLATFORM,PERENCO OIL & GAS,WELLHEAD STEEL,INDEFATIGABLE,CENTRE OF PLATFORM,23031,"UTM31, ED50",465652,5894568.5,ACTIVE,,,,,2024/11/26 00:00:00+00,NO CHANGE,No change from previous submission,700001907,
0.727120177000074,54.0327198940001,128,c61f2373-e679-43f9-8be0-02dffd90bd97,CLEETON CC,PLATFORM,PERENCO OIL & GAS,COMPRESSION STEEL,ECA,CENTRE OF PLATFORM,23031,"UTM31, ED50",351233.7,5989763.55,ACTIVE,,,,,2024/11/26 00:00:00+00,NO CHANGE,No change from previous submission,700001913,
0.726357609000047,54.032602501,129,f9e35c1e-1624-4f37-8412-812b46c3e591,CLEETON PQ,PLATFORM,PERENCO OIL & GAS,PRODUCTION & ACCOMMODATION STEEL,ECA,CENTRE OF PLATFORM,23031,"UTM31, ED50",351183.4,5989752.01,ACTIVE,,,,,2024/11/26 00:00:00+00,NO CHANGE,No change from previous submission,700001912,
0.727418439000076,54.0332486450001,130,b6358e5f-78e1-4c8e-87c3-986d0420d5b3,CLEETON RISER TOWER,PLATFORM,PERENCO OIL & GAS,WELLHEAD STEEL,ECA,CENTRE OF PLATFORM,23031,"UTM31, ED50",351255.09,5989821.65,ACTIVE,,,,,2024/11/26 00:00:00+00,NO CHANGE,No change from previous submission,700002159,
0.726569741000048,54.0330255470001,131,b6358e5f-78e1-4c8e-87c3-986d0420d5b3,CLEETON WLTR,PLATFORM,PERENCO OIL & GAS,WELLHEAD STEEL,ECA,CENTRE OF PLATFORM,23031,"UTM31, ED50",351198.7,5989798.6,ACTIVE,,,,,2024/11/26 00:00:00+00,NO CHANGE,No change from previous submission,700002159,
2.89478380700007,53.00441139,132,6aec0f22-8772-455c-97ba-c081a070c8de,DAVY A,PLATFORM,PERENCO OIL & GAS,WELLHEAD STEEL,INDEFATIGABLE,CENTRE OF PLATFORM,23031,"UTM31, ED50",493031.44,5872977.08,ACTIVE,,,,,2024/11/26 00:00:00+00,NO CHANGE,No change from previous submission,700001914,
1.34322050500003,53.464352143,133,475e85a2-0c6c-4b9e-932f-d1e778ef4be6,EXCALIBUR EA,PLATFORM,PERENCO OIL & GAS,WELLHEAD STEEL,LAPS,CENTRE OF PLATFORM,23031,"UTM31, ED50",390105.14,5925416.64,ACTIVE,,,,,2024/11/26 00:00:00+00,NO CHANGE,No change from previous submission,700002037,
1.35916692800004,53.545931389,134,b1500ae6-216f-4961-bb4d-5435232c6481,GALAHAD,PLATFORM,PERENCO OIL & GAS,WELLHEAD STEEL,LAPS,CENTRE OF PLATFORM,23031,"UTM31, ED50",391372.65,5934466.88,ACTIVE,,,,,2024/11/26 00:00:00+00,NO CHANGE,No change from previous submission,700002038,
1.20630890100006,53.802760753,135,252a211c-e2a9-4a8c-86f3-683257f30362,HOTON,PLATFORM,PERENCO OIL & GAS,HOTON,WEST SOLE,CENTRE OF PLATFORM,23031,"UTM31, ED50",381966.23,5963280.49,ACTIVE,,,,,2024/11/26 00:00:00+00,NO CHANGE,No change from previous submission,700002166,
1.02719477800002,53.806588843,136,da061ede-0266-4723-a0fe-111920b242c1,HYDE,PLATFORM,PERENCO OIL & GAS,WELLHEAD STEEL,WEST SOLE,CENTRE OF PLATFORM,23031,"UTM31, ED50",370183.69,5964019.29,ACTIVE,,,,,2024/11/26 00:00:00+00,NO CHANGE,No change from previous submission,700001922,
2.57357672700005,53.322851697,137,943059b7-51ca-40c7-8e40-de1cb5a57349,INDE AC,PLATFORM,PERENCO OIL & GAS,COMPRESSION STEEL,INDEFATIGABLE,CENTRE OF PLATFORM,23031,"UTM31, ED50",471686,5908482,ACTIVE,,,,,2024/11/26 00:00:00+00,NO CHANGE,No change from previous submission,700001923,
2.56759405800005,53.3622196810001,138,df475276-a888-4252-bf97-8fe47e8cca83,INDE AD,PLATFORM,PERENCO OIL & GAS,DRILLING & ACCOMMODATION STEEL,INDEFATIGABLE,CENTRE OF PLATFORM,23031,"UTM31, ED50",471316,5912863.65,ACTIVE,,,,,2024/11/26 00:00:00+00,NO CHANGE,No change from previous submission,700001924,
2.56841871700004,53.3627490160001,139,a92b8e94-a2f6-4bed-bfc0-f924e465d92b,INDE AP,PLATFORM,PERENCO OIL & GAS,PRODUCTION STEEL,INDEFATIGABLE,CENTRE OF PLATFORM,23031,"UTM31, ED50",471371.57,5912922.3,ACTIVE,,,,,2024/11/26 00:00:00+00,NO CHANGE,No change from previous submission,700001925,
2.57443250700004,53.323475079,140,0d0a7652-057f-452e-9be5-860d28d621aa,INDE AQ,PLATFORM,PERENCO OIL & GAS,ACCOMMODATION STEEL,INDEFATIGABLE,CENTRE OF PLATFORM,23031,"UTM31, ED50",471745.67,5908550.72,ACTIVE,,,,,2024/11/26 00:00:00+00,NO CHANGE,No change from previous submission,700002148,
2.57293674100003,53.3223010820001,141,d4bdffae-9698-4791-9ade-2f164af4a830,INDE AT,PLATFORM,PERENCO OIL & GAS,TERMINAL/RISER STEEL,INDEFATIGABLE,CENTRE OF PLATFORM,23031,"UTM31, ED50",471645.3,5908420.7,ACTIVE,,,,,2024/11/26 00:00:00+00,NO CHANGE,No change from previous submission,700001926,
2.52309009700002,53.391326996,142,ce2a5379-46b9-45c0-8de9-a9a3abfa3554,INDE BD,PLATFORM,PERENCO OIL & GAS,DRILLING & ACCOMMODATION STEEL,INDEFATIGABLE,CENTRE OF PLATFORM,23031,"UTM31, ED50",468376.3,5916120.7,ACTIVE,,,,,2024/11/26 00:00:00+00,NO CHANGE,No change from previous submission,700001927,
2.52376140600006,53.3918060290001,143,ef3abcca-d667-4eec-8506-4982a1473901,INDE BP,PLATFORM,PERENCO OIL & GAS,PRODUCTION STEEL,INDEFATIGABLE,CENTRE OF PLATFORM,23031,"UTM31, ED50",468421.3,5916173.7,ACTIVE,,,,,2024/11/26 00:00:00+00,NO CHANGE,No change from previous submission,700001928,
2.56551628300002,53.3066536200001,144,16c0acfc-a78d-479d-b3bb-cbd9311b68ff,INDE CD,PLATFORM,PERENCO OIL & GAS,DRILLING & ACCOMMODATION STEEL,INDEFATIGABLE,CENTRE OF PLATFORM,23031,"UTM31, ED50",471140.38,5906682.96,ACTIVE,,,,,2024/11/26 00:00:00+00,NO CHANGE,No change from previous submission,700002161,
2.56628971700007,53.3071217340001,145,eb4caa48-0440-400d-95d3-6fb96dd38d78,INDE CP,PLATFORM,PERENCO OIL & GAS,PRODUCTION STEEL,INDEFATIGABLE,CENTRE OF PLATFORM,23031,"UTM31, ED50",471192.3,5906734.7,ACTIVE,,,,,2024/11/26 00:00:00+00,NO CHANGE,No change from previous submission,700001929,
2.49888525200004,53.3017079370001,146,4dc1a1be-e19a-4610-95fc-f6ffd7fcd116,INDE D,PLATFORM,PERENCO OIL & GAS,WELLHEAD STEEL,INDEFATIGABLE,CENTRE OF PLATFORM,23031,"UTM31, ED50",466696.7,5906161.82,ACTIVE,,,,,2024/11/26 00:00:00+00,NO CHANGE,No change from previous submission,700001930,
1.37389161200002,53.4093708300001,147,ff714349-63b5-4bb5-aa8c-d49cd6c564c6,LANCELOT A,PLATFORM,PERENCO OIL & GAS,WELLHEAD STEEL,LAPS,CENTRE OF PLATFORM,23031,"UTM31, ED50",392001.65,5919253.78,ACTIVE,,,,,2024/11/26 00:00:00+00,NO CHANGE,No change from previous submission,700002039,
2.23370944100003,53.054143723,148,9c4449d4-f823-4473-8246-0274118109f5,LEMAN 27 AC,PLATFORM,PERENCO OIL & GAS,COMPRESSION STEEL,LEMAN,CENTRE OF PLATFORM,23031,"UTM31, ED50",448730.3,5878778.8,ACTIVE,,,,,2024/11/26 00:00:00+00,NO CHANGE,No change from previous submission,700001931,
2.23212842200007,53.0532794970001,149,6d2ed73a-07b4-4c25-b78f-c73c05ead266,LEMAN 27 AD,PLATFORM,PERENCO OIL & GAS,DRILLING STEEL,LEMAN,CENTRE OF PLATFORM,23031,"UTM31, ED50",448623.3,5878683.7,ACTIVE,,,,,2024/11/26 00:00:00+00,NO CHANGE,No change from previous submission,700002149,
2.23292632500005,53.05371612,150,0b13dbcf-4380-495e-b589-ec069fa05001,LEMAN 27 AP (PERENCO),PLATFORM,PERENCO OIL & GAS,PRODUCTION STEEL,LEMAN,CENTRE OF PLATFORM,23031,"UTM31, ED50",448677.3,5878731.7,ACTIVE,,,,,2024/11/26 00:00:00+00,NO CHANGE,No change from previous submission,700001932,
2.21786915100006,53.0319490840001,151,8e0a3cba-2d2f-4415-afc5-93ef9ae2b36b,LEMAN J,PLATFORM,PERENCO OIL & GAS,WELLHEAD ACCOMMODATION STEEL,LEMAN,CENTRE OF PLATFORM,23031,"UTM31, ED50",447641.66,5876321.31,NOT IN USE,,,,,2024/11/26 00:00:00+00,MODIFY,Status Update,700002163,
2.28395111500004,53.0514216870001,152,7aa63518-8981-4c77-a2e6-61c2a630dac8,LEMAN 27 BC,PLATFORM,PERENCO OIL & GAS,COMPRESSION STEEL,LEMAN,CENTRE OF PLATFORM,23031,"UTM31, ED50",452094.7,5878441.1,ACTIVE,,,,,2024/11/26 00:00:00+00,NO CHANGE,No change from previous submission,,
2.23458132400003,53.0546167680001,153,674f58db-6eb3-49a0-bb49-f68ca521b3f4,LEMAN AQ,PLATFORM,PERENCO OIL & GAS,ACCOMMODATION STEEL,LEMAN,CENTRE OF PLATFORM,23031,"UTM31, ED50",448789.5,5878830.6,ACTIVE,,,,,2024/11/26 00:00:00+00,NO CHANGE,No change from previous submission,700001933,
2.23345474900003,53.0546218200001,154,58c010b4-075a-4bdc-b051-89a1ee9a6134,LEMAN AX,PLATFORM,PERENCO OIL & GAS,COMPRESSION STEEL,LEMAN,CENTRE OF PLATFORM,23031,"UTM31, ED50",448713.82,5878832.1,ACTIVE,,,,,2024/11/26 00:00:00+00,NO CHANGE,No change from previous submission,700001934,
2.28360459300006,53.050319464,155,c76c821a-1c80-4f6f-9710-7bfca5c75a88,LEMAN BD (PERENCO),PLATFORM,PERENCO OIL & GAS,DRILLING & ACCOMMODATION STEEL,LEMAN,CENTRE OF PLATFORM,23031,"UTM31, ED50",452069.7,5878318.2,ACTIVE,,,,,2024/11/26 00:00:00+00,NO CHANGE,No change from previous submission,700001935,
2.28428278400003,53.050808987,156,3adb0051-480d-4e04-a139-a117a9347996,LEMAN BP (PERENCO),PLATFORM,PERENCO OIL & GAS,PRODUCTION STEEL,LEMAN,CENTRE OF PLATFORM,23031,"UTM31, ED50",452116.1,5878372.9,ACTIVE,,,,,2024/11/26 00:00:00+00,NO CHANGE,No change from previous submission,700001936,
2.28496108300004,53.0512895100001,157,0dccee4c-973e-4f92-88bc-82bd31be6475,LEMAN BT (PERENCO),PLATFORM,PERENCO OIL & GAS,TERMINAL / RISER STEEL,LEMAN,CENTRE OF PLATFORM,23031,"UTM31, ED50",452162.5,5878425.66,ACTIVE,,,,,2024/11/26 00:00:00+00,NO CHANGE,No change from previous submission,700002162,
2.25537037500004,53.025712592,158,c1a6bca7-86c4-43f3-a23c-04c0e4f54c34,LEMAN CD (PERENCO),PLATFORM,PERENCO OIL & GAS,DRILLING & ACCOMMODATION STEEL,LEMAN,CENTRE OF PLATFORM,23031,"UTM31, ED50",450149.3,5875600.76,ACTIVE,,,,,2024/11/26 00:00:00+00,NO CHANGE,No change from previous submission,700002150,
2.25603278300002,53.0262111160001,159,91ac490e-0c36-467e-8d98-d301ef88303d,LEMAN CP (PERENCO),PLATFORM,PERENCO OIL & GAS,PRODUCTION STEEL,LEMAN,CENTRE OF PLATFORM,23031,"UTM31, ED50",450194.3,5875655.75,ACTIVE,,,,,2024/11/26 00:00:00+00,NO CHANGE,No change from previous submission,700001937,
2.33886063300002,53.0162725010001,160,9e711b42-11ff-45cc-952b-a3c92d0b864d,LEMAN DD,PLATFORM,PERENCO OIL & GAS,DRILLING & ACCOMMODATION STEEL,LEMAN,CENTRE OF PLATFORM,23031,"UTM31, ED50",455739.2,5874495.7,ACTIVE,,,,,2024/11/26 00:00:00+00,NO CHANGE,No change from previous submission,700001938,
2.33968823800006,53.0167445260001,161,7b3cd1ae-c8c6-4a57-a767-3fc456a974f9,LEMAN DP,PLATFORM,PERENCO OIL & GAS,PRODUCTION STEEL,LEMAN,CENTRE OF PLATFORM,23031,"UTM31, ED50",455795.2,5874547.75,ACTIVE,,,,,2024/11/26 00:00:00+00,NO CHANGE,No change from previous submission,700001939,
2.20965402000007,53.0601172730001,162,35cd281f-fb70-4535-8bc9-a63ecd3555b1,LEMAN ED,PLATFORM,PERENCO OIL & GAS,DRILLING & ACCOMMODATION STEEL,LEMAN,CENTRE OF PLATFORM,23031,"UTM31, ED50",447125.3,5879460.76,ACTIVE,,,,,2024/11/26 00:00:00+00,NO CHANGE,No change from previous submission,700001940,
2.21031943400004,53.0604542720001,163,34c226e5-02f4-492b-9e14-7bda2fbbb139,LEMAN EP,PLATFORM,PERENCO OIL & GAS,PRODUCTION STEEL,LEMAN,CENTRE OF PLATFORM,23031,"UTM31, ED50",447170.3,5879497.75,ACTIVE,,,,,2024/11/26 00:00:00+00,NO CHANGE,No change from previous submission,700001941,
2.31363442900005,53.0400326720001,164,4fa47bbd-ae28-46f7-a4e5-8cc735938601,LEMAN FD,PLATFORM,PERENCO OIL & GAS,DRILLING & ACCOMMODATION STEEL,LEMAN,CENTRE OF PLATFORM,23031,"UTM31, ED50",454072.3,5877154.75,ACTIVE,,,,,2024/11/26 00:00:00+00,NO CHANGE,No change from previous submission,700001942,
2.31458333800003,53.0403887940001,165,93d89588-2226-41a5-8923-1a569e12d1fa,LEMAN FP,PLATFORM,PERENCO OIL & GAS,PRODUCTION STEEL,LEMAN,CENTRE OF PLATFORM,23031,"UTM31, ED50",454136.3,5877193.76,ACTIVE,,,,,2024/11/26 00:00:00+00,NO CHANGE,No change from previous submission,700001943,
2.38036572600004,53.0367222880001,166,9a92d587-9efd-4173-bac8-a517e385f694,LEMAN G (PERENCO),PLATFORM,PERENCO OIL & GAS,WELLHEAD ACCOMMODATION STEEL,LEMAN,CENTRE OF PLATFORM,23031,"UTM31, ED50",458543.2,5876746.8,ACTIVE,,,,,2024/11/26 00:00:00+00,NO CHANGE,No change from previous submission,700001944,
2.21372376300008,53.0039917490001,167,58c3f1b1-5d23-4406-9f5e-adfb621ed268,LEMAN H,PLATFORM,PERENCO OIL & GAS,WELLHEAD ACCOMMODATION STEEL,LEMAN,CENTRE OF PLATFORM,23031,"UTM31, ED50",447329.58,5873214.42,ACTIVE,,,,,2024/11/26 00:00:00+00,NO CHANGE,No change from previous submission,700002151,
1.24282219800006,53.543107133,168,2aa242a4-aa78-47b7-af73-38fa760ef029,MALORY,PLATFORM,PERENCO OIL & GAS,WELLHEAD STEEL,LAPS,CENTRE OF PLATFORM,23031,"UTM31, ED50",383656.75,5934336.63,ACTIVE,,,,,2024/11/26 00:00:00+00,NO CHANGE,No change from previous submission,700002040,
0.593501700000047,53.9493579000001,169,69a80bbb-a573-4f32-95a4-2a85d1bff7af,MINERVA,PLATFORM,PERENCO OIL & GAS,MINERVA PLATFORM,ECA,CENTRE OF PLATFORM,23031,"UTM31, ED50",342168.851,5980780.43,ACTIVE,,,,,2024/11/26 00:00:00+00,NO CHANGE,No change from previous submission,700002548,
0.789141394000069,53.983360684,170,82b7824a-77d4-4917-861c-2cd8548a06b6,NEPTUNE,PLATFORM,PERENCO OIL & GAS,NEPTUNE PLATFORM,ECA,CENTRE OF PLATFORM,23031,"UTM31, ED50",355123.49,5984144.35,ACTIVE,,,,,2024/11/26 00:00:00+00,NO CHANGE,No change from previous submission,700001894,
1.07593966000007,53.549181941,171,a28407e3-3ee5-4a54-b74a-a21acc1cdea4,PICKERILL A,PLATFORM,PERENCO OIL & GAS,WELLHEAD STEEL,PICKERILL,CENTRE OF PLATFORM,23031,"UTM31, ED50",372618.11,5935298.18,NOT IN USE,,,,,2024/11/26 00:00:00+00,NO CHANGE,No change from previous submission,700001952,
1.15919448800003,53.5241454920001,172,a334ebd4-1af6-44fb-a7d1-b605ac498141,PICKERILL B,PLATFORM,PERENCO OIL & GAS,WELLHEAD STEEL,PICKERILL,CENTRE OF PLATFORM,23031,"UTM31, ED50",378061.57,5932367.6,NOT IN USE,,,,,2024/11/26 00:00:00+00,NO CHANGE,No change from previous submission,700001953,
1.10083571600006,54.030631161,173,0c713031-46f2-4238-b262-fdebe6b7425f,RAVENSPURN NORTH CC,PLATFORM,PERENCO OIL & GAS,PRODUCTION & ACCOMMODATION CONCRETE GRAVITY BASED,RAVENSPURN NORTH,CENTRE OF PLATFORM,23031,"UTM31, ED50",375700.19,5988809.72,ACTIVE,,,,,2024/11/26 00:00:00+00,NO CHANGE,No change from previous submission,700001954,
1.10221901700004,54.031114603,174,d584d6c1-8060-4cc2-a560-9c4b4c01d687,RAVENSPURN NORTH CCW,PLATFORM,PERENCO OIL & GAS,WELLHEAD STEEL,RAVENSPURN NORTH,CENTRE OF PLATFORM,23031,"UTM31, ED50",375792.23,5988861.07,ACTIVE,,,,,2024/11/26 00:00:00+00,NO CHANGE,No change from previous submission,700001956,
1.03307032900005,54.0539811690001,175,a6de4011-32f8-4c0c-a8ed-49bf095fa8d3,RAVENSPURN NORTH ST2,PLATFORM,PERENCO OIL & GAS,WELLHEAD STEEL,RAVENSPURN NORTH,CENTRE OF PLATFORM,23031,"UTM31, ED50",371334.43,5991528.43,ACTIVE,,,,,2024/11/26 00:00:00+00,NO CHANGE,No change from previous submission,700002164,
0.913388950000069,54.072647992,176,ef42ac0d-1c31-4d09-ae0d-cb42a567c65b,RAVENSPURN NORTH ST3,PLATFORM,PERENCO OIL & GAS,WELLHEAD STEEL,RAVENSPURN NORTH,CENTRE OF PLATFORM,23031,"UTM31, ED50",363562.25,5993829.34,ACTIVE,,,,,2024/11/26 00:00:00+00,NO CHANGE,No change from previous submission,700001955,
0.964992061000032,54.0287602120001,177,186b1b9e-c5d6-4398-8f49-c2b72140b423,RAVENSPURN SOUTH A,PLATFORM,PERENCO OIL & GAS,WELLHEAD STEEL,RAVENSPURN SOUTH,CENTRE OF PLATFORM,23031,"UTM31, ED50",366797.84,5988848.88,ACTIVE,,,,,2024/11/26 00:00:00+00,NO CHANGE,No change from previous submission,700001957,
0.898599687000058,54.059389557,178,d15576e3-2eca-410b-9836-cf7a0a1c37e2,RAVENSPURN SOUTH B,PLATFORM,PERENCO OIL & GAS,WELLHEAD STEEL,RAVENSPURN SOUTH,CENTRE OF PLATFORM,23031,"UTM31, ED50",362550.89,5992383.13,ACTIVE,,,,,2024/11/26 00:00:00+00,NO CHANGE,No change from previous submission,700001958,
0.823683431000063,54.082523339,179,4c99a28f-ae82-4d80-ab97-fc4e21cf0ddd,RAVENSPURN SOUTH C,PLATFORM,PERENCO OIL & GAS,WELLHEAD STEEL,RAVENSPURN SOUTH,CENTRE OF PLATFORM,23031,"UTM31, ED50",357727.37,5995104.72,ACTIVE,,,,,2024/11/26 00:00:00+00,NO CHANGE,No change from previous submission,700001959,
1.65850379900007,54.2989271370001,180,4307cce6-d5a6-4a90-a25c-71113b313900,TRENT,PLATFORM,PERENCO OIL & GAS,WELLHEAD STEEL,TRENT TYNE & TORS,CENTRE OF PLATFORM,23031,"UTM31, ED50",412790.54,6017822.71,ACTIVE,,,,,2024/11/26 00:00:00+00,NO CHANGE,No change from previous submission,700001961,
1.30292100200006,53.3523659030001,181,c6d208a0-749d-4b0a-a03f-0af2d28f59c1,WAVENEY,PLATFORM,PERENCO OIL & GAS,PRODUCTION STEEL,LAPS,CENTRE OF PLATFORM,23031,"UTM31, ED50",387133.72,5913022.68,ACTIVE,,,,,2024/11/26 00:00:00+00,NO CHANGE,No change from previous submission,700001967,
1.14798652000007,53.7025276210001,182,d1f40b1d-58c1-4c06-85ea-979fcb63775d,WEST SOLE A (6 LEG),PLATFORM,PERENCO OIL & GAS,WELLHEAD STEEL,WEST SOLE,CENTRE OF PLATFORM,23031,"UTM31, ED50",377834.99,5952229.33,ACTIVE,,,,,2024/11/26 00:00:00+00,NO CHANGE,No change from previous submission,700001966,
1.14848171400007,53.7026313530001,183,b577a212-4aee-4232-b555-4e37bad87a99,WEST SOLE A (8 LEG),PLATFORM,PERENCO OIL & GAS,PRODUCTION & ACCOMMODATION STEEL,WEST SOLE,CENTRE OF PLATFORM,23031,"UTM31, ED50",377867.97,5952240.02,ACTIVE,,,,,2024/11/26 00:00:00+00,NO CHANGE,No change from previous submission,700001963,
1.14926500900003,53.702781357,184,895c7755-6592-4338-a5cb-1d83d49ae25e,WEST SOLE A PP,PLATFORM,PERENCO OIL & GAS,PRODUCTION STEEL,WEST SOLE,CENTRE OF PLATFORM,23031,"UTM31, ED50",377920.11,5952255.35,ACTIVE,,,,,2024/11/26 00:00:00+00,NO CHANGE,No change from previous submission,700002165,
1.14724841300006,53.7024813140001,185,cd5731c1-b48e-4c22-8d84-793b5cd7c5d2,WEST SOLE A SP,PLATFORM,PERENCO OIL & GAS,WELLHEAD STEEL,WEST SOLE,CENTRE OF PLATFORM,23031,"UTM31, ED50",377786.13,5952225.45,ACTIVE,,,,,2024/11/26 00:00:00+00,NO CHANGE,No change from previous submission,700001964,
1.11786559500007,53.7185647270001,186,acbfe39d-affb-43ae-8f63-20987d96f66f,WEST SOLE B,PLATFORM,PERENCO OIL & GAS,PRODUCTION & ACCOMMODATION STEEL,WEST SOLE,CENTRE OF PLATFORM,23031,"UTM31, ED50",375894.08,5954065.49,ACTIVE,,,,,2024/11/26 00:00:00+00,NO CHANGE,No change from previous submission,700001965,
1.07934978900005,53.7525647910001,187,d11c011f-208f-4b4a-9086-f3e2c4c91a3f,WEST SOLE C,PLATFORM,PERENCO OIL & GAS,PRODUCTION & ACCOMMODATION STEEL,WEST SOLE,CENTRE OF PLATFORM,23031,"UTM31, ED50",373455.05,5957915.58,ACTIVE,,,,,2024/11/26 00:00:00+00,NO CHANGE,No change from previous submission,700002153,
1.06840887400006,53.5491038860001,188,d881ecd7-91f2-4bd9-9ddb-521335297c0d,A1 PICKERILL BUOY,BUOY,PERENCO OIL & GAS,PICKERILL A BUOY WEST A1,PICKERILL,,23031,"UTM31, ED50",372118.99,5935302.99,ACTIVE,,,,,2024/11/26 00:00:00+00,NO CHANGE,No change from previous submission,,
1.07560046000003,53.5536249680001,189,035a9c5c-57ec-4efa-9ea4-3b3ade767aba,A2 PICKERILL A BUOY,BUOY,PERENCO OIL & GAS,PICKERILL A BUOY NORTH A2,PICKERILL,,23031,"UTM31, ED50",372608.99,5935792.99,ACTIVE,,,,,2024/11/26 00:00:00+00,NO CHANGE,No change from previous submission,,
1.08319163200002,53.549341795,190,8b3dc3e2-fac3-4886-b4e3-de85551d9743,A3 PICKERILL A BUOY,BUOY,PERENCO OIL & GAS,PICKERILL A BUOY EAST A3,PICKERILL,,23031,"UTM31, ED50",373098.99,5935302.99,ACTIVE,,,,,2024/11/26 00:00:00+00,NO CHANGE,No change from previous submission,,
1.07599994000003,53.5448211660001,191,4295477e-5248-49b3-aad5-c3caae87839f,A4 PICKERILL A BUOY,BUOY,PERENCO OIL & GAS,PICKERILL A BUOY SOUTH A4,PICKERILL,,23031,"UTM31, ED50",372608.99,5934812.99,ACTIVE,,,,,2024/11/26 00:00:00+00,NO CHANGE,No change from previous submission,,
-3.86908693699996,60.179919657,192,8ad8e54b-455a-46a6-a48b-01cb3120073d,AOKA MIZU,FPSO,PRAX GROUP,AOKA MIZU FPSO,,,23030,"UTM30, ED50",451842,6671987,ACTIVE,FPSO Subsea Mooring System consists of 12 mooring lines and disconnectable turret buoy,2018/12/14 00:00:00+00,,,2024/11/26 00:00:00+00,NO CHANGE,,700003827,
1.67115297700002,59.7437728130001,193,15e1d20d-a95c-4f8c-a9dc-131ec4a9b6a9,BRUCE CR,PLATFORM,SERICA ENERGY,COMPRESSION RISER STEEL,Forties Pipeline System (FPS), ,4326,GCS_WGS_1984,1.6711,59.7437333,ACTIVE, ,,, ,2024/11/26 00:00:00+00,NO CHANGE,NO CHANGE,700001908, 
1.67050063600004,59.7432004280001,194,227de6db-3224-45a6-bf91-95404aa4af43,BRUCE D,PLATFORM,SERICA ENERGY,DRILLING & PRODUCTION STEEL,Forties Pipeline System (FPS), ,4326,GCS_WGS_1984,1.6705,59.7431667,ACTIVE, ,,, ,2024/11/26 00:00:00+00,NO CHANGE,NO CHANGE,700001909, 
1.67129927400003,59.742355333,195,9859f5a9-2bca-4d34-a30a-3ad785e05165,BRUCE PUQ,PLATFORM,SERICA ENERGY,PRODUCTION & ACCOMMODATION,Forties Pipeline System (FPS), ,4326,GCS_WGS_1984,1.6713,59.7423167,ACTIVE, ,,, ,2024/11/26 00:00:00+00,NO CHANGE,NO CHANGE,700001910, 
2.01442251400005,53.5396323640001,196,39f13013-66dc-4aed-88bc-7a5916ebfe87,AUDREY A (WD),PLATFORM,SPIRIT ENERGY,AUDREY A PLATFORM,LOGGS, ,23031,ED_1950_UTM_Zone_31N,434775,5932966,ABANDONED,Topside and Jacket removed in 2023.  Subsea piles still remain but will be cut and recovered in 2024,,, ,2024/11/26 00:00:00+00,NO CHANGE,No Change,700003529, 
1.96947930600004,53.5677934570001,197,6aa872f8-f61f-4dc2-9bd1-14c8eb39b71e,AUDREY B (XW),PLATFORM,SPIRIT ENERGY,AUDREY B PLATFORM,LOGGS, ,23031,ED_1950_UTM_Zone_31N,431842,5936141,ABANDONED,Topside and Jacket removed in 2023.  Subsea piles still remain but will be cut and recovered in 2024,,, ,2024/11/26 00:00:00+00,NO CHANGE,No Change,700003528, 
-3.86139605699998,54.026199805,198,11161775-a79c-4963-82cd-2a00a93c6fd1,MILLOM WEST PLATFORM,PLATFORM,SPIRIT ENERGY,MILLOM WEST PLATFORM, , ,23030,ED_1950_UTM_Zone_30N,443657,5986999,NOT IN USE,Not produced hydrocarbons since 2020 and Abandonment campaign planned for Q3 2022,,, ,2024/11/26 00:00:00+00,NO CHANGE,No Change,700003533, 
0.90792268000007,53.6664304820001,199,3cae4862-1a88-455a-9a8f-02967fac3c38,ROSE BUOY: 47/15B- 6W,BUOY,SPIRIT ENERGY,ROSE MOORING BUOY, , ,23031,ED_1950_UTM_Zone_31N,361868.1,5948654.14,ABANDONED,The buoy is offset from the wellhead. This location is close to the boundary of a shipping lane and the buoy is offset to accommodate this.,2004/07/15 00:00:00+00,, ,2024/11/26 00:00:00+00,NO CHANGE,No Change,700002492, 
-3.56157797899994,53.8158637670001,200,378759d5-ee36-4348-908c-8cf8b4014784,SOUTH MORECAMBE DP3,PLATFORM,SPIRIT ENERGY,REMOTE DRILLING PLATFORM, , ,23030,ED_1950_UTM_Zone_30N,463114,5963400,ABANDONED,Topisides removed and Jacket still in place. Associated Marking Buoy currently in place which will be removed when Jacket removed,,, ,2024/11/26 00:00:00+00,NO CHANGE,No Change,700002016, 
-3.58211738599994,53.845966409,201,154ccd9d-35f5-4e5d-b22d-c4f75f89225a,CENTRAL PRODUCTION PLTFM CPP1,PLATFORM,SPIRIT ENERGY,CENTRAL PRODUCTION PLTFM CPP1, , ,23030,ED_1950_UTM_Zone_30N,461789,5966760,ACTIVE,Asset transfer from ConocoPhillips to Chrysaor October 2019,,, ,2024/11/26 00:00:00+00,NO CHANGE,No Change,700003534, 
-3.61798086799996,53.864230902,202,268f8a84-69f6-490a-aa0b-d60adc72eb9a,DP6 PLATFORM,PLATFORM,SPIRIT ENERGY,DP6 PLATFORM, , ,23030,ED_1950_UTM_Zone_30N,459447,5968812,ACTIVE,Asset transfer from ConocoPhillips to Chrysaor October 2019,,, ,2024/11/26 00:00:00+00,NO CHANGE,No Change,700003541, 
-3.62418699899996,53.891046547,203,cc2b16b2-a6b3-470f-a578-e8759221c663,DP8 PLATFORM,PLATFORM,SPIRIT ENERGY,DP8 PLATFORM, , ,23030,ED_1950_UTM_Zone_30N,459065,5971799,ACTIVE,Asset transfer from ConocoPhillips to Chrysaor October 2019,,, ,2024/11/26 00:00:00+00,NO CHANGE,No Change,700003540, 
-3.58049432399997,53.8461989780001,204,ba039432-e6de-49c8-ba69-8a9aa224ff30,DRILLING PLATFORM DP1,PLATFORM,SPIRIT ENERGY,DRILLING PLATFORM DP1, , ,23030,ED_1950_UTM_Zone_30N,461896,5966785,ACTIVE,Asset transfer from ConocoPhillips to Chrysaor October 2019,,, ,2024/11/26 00:00:00+00,NO CHANGE,No Change,700003537, 
-3.58209891099995,53.846829368,205,f5c6e29c-e996-4cb8-9d7e-06c282d57472,FLARE TRIPOD,PLATFORM,SPIRIT ENERGY,FLARE TRIPOD, , ,23030,ED_1950_UTM_Zone_30N,461791,5966856,ACTIVE,Asset transfer from ConocoPhillips to Chrysaor October 2019,,, ,2024/11/26 00:00:00+00,NO CHANGE,No Change,700003538, 
2.74579445700004,53.9392079260001,206,f939741f-e7f3-49cb-96a0-ff3b62fcc6d9,CHISWICK PLATFORM,PLATFORM,SPIRIT ENERGY,CHISWICK PLATFORM,Greater Markham Area, ,4230,GCS_European_1950,2.7471636,53.9399625,ACTIVE, ,2006/08/19 00:00:00+00,, ,2024/11/26 00:00:00+00,NO CHANGE,No Change,700002620, 
2.85370082900005,53.7158303460001,207,3bd3897a-265e-476c-912c-ca7e0c420433,GROVE PLATFORM,PLATFORM,SPIRIT ENERGY,GROVE PLATFORM,Greater Markham Area, ,4230,GCS_European_1950,2.8550615,53.7165909,ACTIVE,Location taken from Kingfisher Fortnightly Bulletin 23/2006,2006/07/02 00:00:00+00,, ,2024/11/26 00:00:00+00,NO CHANGE,No Change,700002621, 
-3.67223973799997,53.9597442210001,208,91074c9a-ad62-4be1-8981-3fbcaec5f3e9,NORTH MORCAMBE PLATFORM,PLATFORM,SPIRIT ENERGY,NORTH MORCAMBE PLATFORM, , ,23030,ED_1950_UTM_Zone_30N,455979,5979471,ACTIVE,Asset transfer from ConocoPhillips to Chrysaor October 2019,,, ,2024/11/26 00:00:00+00,NO CHANGE,No Change,700003532, 
-3.67219929799995,53.9596905650001,209,8b8ff45c-f6d4-49a3-9b6a-448f74ac59e1,NORTH MORECAMBE DPPA,PLATFORM,SPIRIT ENERGY,REMOTE DRILLING AND PRODUCTION PLATFORM, , ,23030,ED_1950_UTM_Zone_30N,455981.6,5979465,ACTIVE, ,,, ,2024/11/26 00:00:00+00,NO CHANGE,No Change,700002012, 
-3.58328825499996,53.845711684,210,566b1498-692e-46e4-96eb-0b66c80bc98e,SOUTH MORECAMBE AP1,PLATFORM,SPIRIT ENERGY,ACCOMMODATION PLATFORM, , ,23030,ED_1950_UTM_Zone_30N,461711.73,5966732.29,ACTIVE, ,,, ,2024/11/26 00:00:00+00,NO CHANGE,No Change,700002013, 
-3.58211648799994,53.845903503,211,8d2f4ba6-ba4c-444d-ab5b-4c710b5a7ffb,SOUTH MORECAMBE CPP1,PLATFORM,SPIRIT ENERGY,PROCESSING PLATFORM, , ,23030,ED_1950_UTM_Zone_30N,461789,5966753,ACTIVE, ,,, ,2024/11/26 00:00:00+00,NO CHANGE,No Change,700002014, 
-3.58050526699998,53.84616673,212,8417b2aa-754a-431e-a9e9-2810a8fb3dc5,SOUTH MORECAMBE DP1,PLATFORM,SPIRIT ENERGY,DRILLING PLATFORM, , ,23030,ED_1950_UTM_Zone_30N,461895.25,5966781.42,ACTIVE, ,,, ,2024/11/26 00:00:00+00,NO CHANGE,No Change,700002015, 
-3.61798984399996,53.8642309860001,213,db2f5756-9f58-43cf-b93d-be43f561ca04,SOUTH MORECAMBE DP6,PLATFORM,SPIRIT ENERGY,REMOTE DRILLING PLATFORM, , ,23030,ED_1950_UTM_Zone_30N,459446.41,5968812.01,ACTIVE, ,,, ,2024/11/26 00:00:00+00,NO CHANGE,No Change,700002018, 
-3.62417191199995,53.891047084,214,e4cf3fcd-8090-49b9-a2e7-8db74c7cc57f,SOUTH MORECAMBE DP8,PLATFORM,SPIRIT ENERGY,REMOTE DRILLING PLATFORM, , ,23030,ED_1950_UTM_Zone_30N,459065.99,5971799.05,ACTIVE, ,,, ,2024/11/26 00:00:00+00,NO CHANGE,No Change,700002019, 
-3.58215257499995,53.84675273,215,d6c03b15-81a5-4ce6-a34b-e81f73163c41,SOUTH MORECAMBE FL1,PLATFORM,SPIRIT ENERGY,FLARE PLATFORM, , ,23030,ED_1950_UTM_Zone_30N,461787.4,5966847.5,ACTIVE, ,,, ,2024/11/26 00:00:00+00,NO CHANGE,No Change,700002020, 
0.432695487000046,53.8860190770001,216,7a43c8e5-a63d-4d2d-a3e9-23eb1c36bdad,YORK PLATFORM,PLATFORM,SPIRIT ENERGY,YORK PLATFORM,York Platform, ,23031,ED_1950_UTM_Zone_31N,331363,5974106,ACTIVE, ,2012/10/26 00:00:00+00,, ,2024/11/26 00:00:00+00,MODIFY,Position Adjusted,710000088, 
1.28037168300006,58.692035575,217,a39c9536-6901-496a-8f82-786c62c749be,BRAE A,PLATFORM,TAQA EUROPA B.V.,PRODUCTION DRILLING STEEL,Brae-Forties Pipeline,,4326,GCS_WGS_1984,1.2802667,58.6920333,ACTIVE,,,,,2024/11/26 00:00:00+00,NO CHANGE,NSTA call for data March24,700002029,
1.34587037500006,58.7917690290001,218,7031bd30-5e19-4104-bfa1-fa662ec89273,BRAE B,PLATFORM,TAQA EUROPA B.V.,PRODUCTION DRILLING STEEL,Brae-Forties Pipeline,,4326,GCS_WGS_1984,1.3457667,58.7917667,NOT IN USE,"Topside has been removed, subsea structure remains",,,,2024/11/26 00:00:00+00,NO CHANGE,NSTA call for data March24,700002030,
1.52551376200006,58.8755688910001,219,ce16b05c-b53a-40e6-b1d8-0a6dc5023045,BRAE EAST,PLATFORM,TAQA EUROPA B.V.,PRODUCTION DRILLING STEEL,Brae-Forties Pipeline,,4326,GCS_WGS_1984,1.5254167,58.8755667,ACTIVE,,,,,2024/11/26 00:00:00+00,NO CHANGE,NSTA call for data March24,700002031,
1.07128329500006,61.10211343,220,65455a40-1085-47cc-b0b1-c320e56b82ca,CORMORANT A,PLATFORM,TAQA EUROPA B.V.,PRODUCTION & DRILLING CONCRETE,Brent System,,4326,GCS_WGS_1984,1.0711,61.1021,ACTIVE,,,,,2024/11/26 00:00:00+00,NO CHANGE,NSTA call for data March24,700002068,
1.14798310000003,61.2399306300001,221,d7b68aba-7d40-4bf4-b979-07f85afd7ed2,CORMORANT NORTH,PLATFORM,TAQA EUROPA B.V.,PRODUCTION & DRILLING STEEL,FLAGS,,4326,GCS_WGS_1984,1.1478,61.2399167,ACTIVE,,,,,2024/11/26 00:00:00+00,NO CHANGE,NSTA call for data March24,700002069,
1.15982054700004,61.3568146100001,222,0730959f-f299-4633-a74d-1b9c1751123c,EIDER A,PLATFORM,TAQA EUROPA B.V.,PRODUCTION & DRILLING STEEL,Brent System,,4326,GCS_WGS_1984,1.1596333,61.3568,ACTIVE,,,,,2024/11/26 00:00:00+00,NO CHANGE,NSTA call for data March24,700002072,
1.51477109900003,59.2789035590001,223,159c9790-0ef8-4967-a032-b4100dfaba4a,HARDING,PLATFORM,TAQA EUROPA B.V.,PRODUCTION & DRILLING STEEL,,,4326,GCS_WGS_1984,1.5146667,59.2789,ACTIVE,,,,,2024/11/26 00:00:00+00,NO CHANGE,NSTA call for data March24,700001921,
1.55051929000007,59.2764368140001,224,94530e03-bc09-4801-8bf0-63203a14141d,HARDING OLS BUOY,BUOY,TAQA EUROPA B.V.,HARDING OFFLOADING BUOY,,,4326,GCS_WGS_1984,1.5504167,59.2764333,ACTIVE,,,,,2024/11/26 00:00:00+00,NO CHANGE,NSTA call for data March24,700001969,
0.917934580000065,61.2755194110001,225,9f7111f4-73c1-4007-87f1-d2c57c9e8058,TERN,PLATFORM,TAQA EUROPA B.V.,TERN PLATFORM,Brent System,,23031,ED_1950_UTM_Zone_31N,388459.5,6795469.3,ACTIVE,,1996/09/25 00:00:00+00,,,2024/11/26 00:00:00+00,NO CHANGE,NSTA call for data March24,700002090,
1.45732397200004,52.857018527,226,2ba7f971-57fe-4e46-b46a-fe4f2ca1a867,BACTON GAS TERMINAL,TERMINAL,unknown,BACTON GAS TERMINAL,,,4230,GCS_European_1950,1.4587056,52.8578142,ACTIVE,,,,,2021/01/01 00:00:00+00,NO CHANGE,,700002375,N
-3.18282055799995,54.092391568,227,2194e037-8f05-434d-b948-f3685b38631a,BARROW-IN-FURNESS GAS TERMINAL,TERMINAL,unknown,BARROW-IN-FURNESS GAS TERMINAL,,,4230,GCS_European_1950,-3.1812886,54.0932001,ACTIVE,,,,,2021/01/01 00:00:00+00,NO CHANGE,,700002373,N
-6.22434731499993,53.64204018,228,ca614f10-e4e2-4349-ada6-5d1cea2b7bac,BRAYMORE POINT,TERMINAL,unknown,BRAYMORE POINT,,,4230,GCS_European_1950,-6.2227631,53.6429006,ACTIVE,,,,,2021/01/01 00:00:00+00,NO CHANGE,,700002472,N
-5.17759143799998,54.9796718360001,229,f7dd0bcc-1832-46b8-9eb6-ce1214065ba6,CORSEWALL POINT,TERMINAL,unknown,CORESWALL POINT,,,4230,GCS_European_1950,-5.1759815,54.9804754,ACTIVE,,,,,2021/01/01 00:00:00+00,NO CHANGE,,700002432,N
-1.89031528399994,57.3839326550001,230,33f20f9f-a202-4872-8cf3-afa7b3806aa4,CRUDEN BAY TANKS,TERMINAL,unknown,CRUDEN BAY TANKS,,,4230,GCS_European_1950,-1.8886893,57.3846119,ACTIVE,,,,,2021/01/01 00:00:00+00,NO CHANGE,,700002381,N
-4.12210595299996,54.786494766,231,9cfd38a2-8adb-4364-b2bc-d9ff373437e5,DUNROD POINT,TERMINAL,unknown,DUNROD POINT,,,4230,GCS_European_1950,-4.1205274,54.7872917,ACTIVE,,,,,2021/01/01 00:00:00+00,NO CHANGE,,700002435,N
0.11359765800006,53.658200998,232,ed8f1bc4-4f48-48d9-b8a7-b654216db8be,EASINGTON/DIMLINGTON GAS TERMINAL,TERMINAL,unknown,EASINGTON/DIMLINGTON GAS TERMINAL,,,4230,GCS_European_1950,0.1150368,53.6589854,ACTIVE,,,,,2021/01/01 00:00:00+00,NO CHANGE,,700002378,N
-3.11962138399997,58.838855773,233,10e91839-7c30-468f-b747-77d564c7fd35,FLOTTA MARINE OIL TERMINAL,TERMINAL,unknown,FLOTTA MARINE OIL TERMINAL,,,4230,GCS_European_1950,-3.1178987,58.839497,ACTIVE,,,,,2021/01/01 00:00:00+00,NO CHANGE,,700002379,N
-4.59964634199997,54.267977284,234,ac4b692a-40ee-475f-8ee6-b6ff2269aa3b,GLEN MOOAN,TERMINAL,unknown,GLEN MOOAN,,,4230,GCS_European_1950,-4.5980757,54.2687973,ACTIVE,,,,,2021/01/01 00:00:00+00,NO CHANGE,,700002471,N
-5.75465757599994,54.8522437680001,235,84dae1e8-4251-4e5d-ae03-93015d00a836,ISLAND MAGEE,TERMINAL,unknown,ISLAND MAGEE,,,4230,GCS_European_1950,-5.7530394,54.8530588,ACTIVE,,,,,2021/01/01 00:00:00+00,NO CHANGE,,700002433,N
-6.09000703399994,53.535659638,236,d3113467-d963-4845-96df-f2644cde64ed,LOUGHSHINNY,TERMINAL,unknown,LOUGHSHINNY,,,4230,GCS_European_1950,-6.0884295,53.5365218,ACTIVE,,,,,2021/01/01 00:00:00+00,NO CHANGE,,700002434,N
-3.92503415599998,57.7464595110001,237,bc3f74df-8487-43d6-8f20-f76e0231da59,NIGG BAY,TERMINAL,unknown,NIGG BAY,,,4230,GCS_European_1950,-3.9233407,57.747151,ACTIVE,,,,,2021/01/01 00:00:00+00,NO CHANGE,,700002431,N
-3.33844956299993,53.352941861,238,3ec5c9f9-ce01-43bc-a23d-ca67e2c2f0a9,POINT OF AYR,TERMINAL,unknown,POINT OF AYR,Liverpool Bay,,4230,GCS_European_1950,-3.3369392,53.3537763,ACTIVE,,,,,2021/01/01 00:00:00+00,NO CHANGE,,700002430,N
-1.83797742999997,57.576137348,239,a44987b5-5295-4eb8-91f2-53d916acec8c,ST FERGUS GAS TERMINAL,TERMINAL,unknown,ST FERGUS GAS TERMINAL,,,4230,GCS_European_1950,-1.8363447,57.576809,ACTIVE,,,,,2021/01/01 00:00:00+00,NO CHANGE,,700002376,N
-1.26857517799994,60.46115058,240,f36a9b11-b0c1-44b0-9ec5-aba59c043a2e,SULLOM VOE OIL TERMINAL,TERMINAL,unknown,SULLOM VOE OIL TERMINAL,,,4230,GCS_European_1950,-1.2668235,60.4617069,ACTIVE,,,,,2021/01/01 00:00:00+00,NO CHANGE,,700002380,N
-1.21035270299996,54.636338578,241,810321c2-f0ac-46f7-991f-0ff2ba58c1d3,TEESSIDE OIL STORAGE DEPOT,TERMINAL,unknown,TEESSIDE OIL STORAGE DEPOT,,,4230,GCS_European_1950,-1.2088487,54.6371056,ACTIVE,,,,,2021/01/01 00:00:00+00,NO CHANGE,,700002382,N
-1.12999267599997,54.6196685560001,242,486f7b30-6b0d-48e5-9a0b-ba48ac03883d,TEESSIDE TERMINAL,TERMINAL,unknown,TEESSIDE TERMINAL,,,4230,GCS_European_1950,-1.1284912,54.6204352,ACTIVE,,,,,2021/01/01 00:00:00+00,NO CHANGE,,700002377,N
0.234659124000075,53.360749293,243,88bb3242-9470-4ec1-974a-2ead03a2cb17,THEDDLETHORPE GAS TERMINAL,TERMINAL,unknown,THEDDLETHORPE GAS TERMINAL,,,4230,GCS_European_1950,0.2360859,53.3615421,ACTIVE,,,,,2021/01/01 00:00:00+00,NO CHANGE,,700002374,N
1.84039086500007,57.012030173,244,6ec64662-c785-40ad-840e-d21cc5f97cdb,ELGIN B WHP,PLATFORM,TOTALENERGIES UPSTREAM UK LIMITED,ELGIN B WELLHEAD PLATFORM,,,23031,UTM31N - ED50,429668.17,6319536.21,ACTIVE,,2012/09/03 00:00:00+00,,,2024/11/26 00:00:00+00,NO CHANGE,,700003444,
1.96110107400006,57.1954748370001,245,55571717-807f-4621-9892-8e5ff0aa539c,CULZEAN FSO - AILSA,FSO,TOTALENERGIES UPSTREAM UK LIMITED,CULZEAN FSO - AILSA,,,23031,UTM31N - ED50,437309.2,6339837.5,ACTIVE,,2017/04/11 00:00:00+00,,,2024/11/26 00:00:00+00,NO CHANGE,,700003769,
1.91143172600005,57.1924490150001,246,62ea6ed5-1b21-4c5a-8ee9-a38614d827df,CULZEAN WHP JACKET,PLATFORM,TOTALENERGIES UPSTREAM UK LIMITED,CULZEAN CZW PLATFORM - WELLHEAD JACKET,,,23031,UTM31N - ED50,434302.474,6339547.526,ACTIVE,,2016/04/13 00:00:00+00,,,2024/11/26 00:00:00+00,MODIFY,Typo Correction,700003731,
1.90796418200006,57.1902470970001,247,af56ff5c-ed5d-4354-b0b1-ab2ae2270e18,CULZEAN LIVING QTRS AND UTILITY (ULQ),PLATFORM,TOTALENERGIES UPSTREAM UK LIMITED,CULZEAN ULQ PLATFORM (UTILITY AND LIVING QTRS),,,23031,UTM31N - ED50,434089,6339305.78,ACTIVE,,,,,2024/11/26 00:00:00+00,MODIFY,Typo Correction,700003768,
-0.287995102999957,58.826840051,248,5dd940d0-14c3-4c36-bed2-59e562589734,MCP01,PLATFORM,TOTALENERGIES UPSTREAM UK LIMITED,MANIFOLD COMPRESSION CONCRETE GRAVITY BASE,,,4326,WGS84,-0.2882,58.8268333,ABANDONED,,,,,2024/11/26 00:00:00+00,NO CHANGE,,700002142,
1.56944830200007,59.360305962,249,0ed97d08-23c8-4c42-a411-4d90e70cc4b0,GRYPHON ALPHA,FPSO,TOTALENERGIES UPSTREAM UK LIMITED,FPSO GRYPHON ALPHA,SAGE,,23031,UTM31N - ED50,418761,6581261,ACTIVE,,1993/01/01 00:00:00+00,,,2024/11/26 00:00:00+00,NO CHANGE,,700002027,
2.06022909200004,59.8747418880001,250,d9d3f723-9eb8-4e98-8115-0cc79587504b,FRIGG CDP1,PLATFORM,TOTALENERGIES UPSTREAM UK LIMITED,FRIGG CDP1,,,23031,UTM31N - ED50,447471,6638049,ABANDONED,,1975/09/01 00:00:00+00,,,2024/11/26 00:00:00+00,NO CHANGE,,700002314,
1.83855408600004,57.0116119150001,251,00944471-1d55-48d5-8dcb-76fc1e6f9e74,ELGIN A WHP,PLATFORM,TOTALENERGIES UPSTREAM UK LIMITED,ELGIN A WELLHEAD PRODUCTION STEEL,Graben Area Export Line (GAEL),,23031,UTM31N - ED50,429555.84,6319491.55,ACTIVE,,2000/03/01 00:00:00+00,,,2024/11/26 00:00:00+00,NO CHANGE,,700002140,
2.06516868200004,59.8794825160001,252,8a29e9be-e42b-4e27-b909-5087768c78f1,FRIGG TCP 2,PLATFORM,TOTALENERGIES UPSTREAM UK LIMITED,FRIGG TCP 2,,,23031,UTM31N - ED50,447755,6638573,ABANDONED,,1977/06/01 00:00:00+00,,,2024/11/26 00:00:00+00,NO CHANGE,,700002312,
1.80157454000005,60.597971639,253,71271400-c3f5-4d0e-b957-587866e969a9,ELLON / GRANT BUOY,BUOY,TOTALENERGIES UPSTREAM UK LIMITED,SUBSEA WELLHEAD MARKER BUOY,,,23031,UTM31N - ED50,434451.6,6718821.1,ACTIVE,,2010/12/02 00:00:00+00,,,2024/11/26 00:00:00+00,NO CHANGE,,700002728,
1.65087775100005,60.6289089540001,254,f882d2c1-cd15-46c5-bfd5-09e53ea09405,DUNBAR,PLATFORM,TOTALENERGIES UPSTREAM UK LIMITED,WELLHEAD ACCOMMODATION STEEL,Frigg UK System,,4326,WGS84,1.65075,60.6289,ACTIVE,,,,,2024/11/26 00:00:00+00,NO CHANGE,,700002138,
1.83630525400002,57.011054254,255,07b5bdcb-8d10-4ec2-a62d-da5aa0aedd52,ELGIN PUQ,PLATFORM,TOTALENERGIES UPSTREAM UK LIMITED,PRODUCTION UTILITIES JACKUP,Forties Pipeline System (FPS),,4326,WGS84,1.83624,57.0110567,ACTIVE,,,,,2024/11/26 00:00:00+00,NO CHANGE,,700002139,
1.90975915400003,57.191253343,256,e2885541-22d0-47c7-a1c3-58d0f49372c5,CULZEAN PROCESSING PLATFORM (CPF),PLATFORM,TOTALENERGIES UPSTREAM UK LIMITED,CULZEAN CPF (CENTRAL PROCESSING PLATFORM),,,23031,UTM31N - ED50,434199.27,6339416.05,ACTIVE,,,,,2024/11/26 00:00:00+00,NO CHANGE,,700003767,
1.80575102600005,56.9593124560001,257,37e8ff33-0210-4ab5-a035-d2cfbdaecb15,WEST FRANKLIN WHP,PLATFORM,TOTALENERGIES UPSTREAM UK LIMITED,WEST FRANKLIN WELLHEAD PRODUCTION STEEL,Graben Area Export Line (GAEL),,23031,UTM31N - ED50,427462.12,6313704.67,ACTIVE,,2011/09/01 00:00:00+00,,,2024/11/26 00:00:00+00,NO CHANGE,,700002141,
2.06289120600007,59.879160991,258,9fe69727-1e91-48e7-89e0-e5b7bbdb554b,FRIGG TP 1,PLATFORM,TOTALENERGIES UPSTREAM UK LIMITED,FRIGG TP 1,,,23031,UTM31N - ED50,447627,6638539,ABANDONED,,1976/01/01 00:00:00+00,,,2024/11/26 00:00:00+00,NO CHANGE,,700002311,
1.86864656500006,56.9662138470001,259,2c9d20de-d125-4b46-aaaa-66d1278a66b1,FRANKLIN WHP,PLATFORM,TOTALENERGIES UPSTREAM UK LIMITED,FRANKLIN,,,23031,UTM31N - ED50,431299.57,6314407.77,ACTIVE,,2001/08/01 00:00:00+00,,,2024/11/26 00:00:00+00,NO CHANGE,,700003787,
1.73586121400007,60.808742942,260,50d905b6-1199-4afc-ae89-0a367b37d519,ALWYN NORTH NAA,PLATFORM,TOTALENERGIES UPSTREAM UK LIMITED,DRILLING & ACCOMMODATION STEEL,Frigg UK System,,4326,WGS84,1.7357333,60.8087333,ACTIVE,,,,,2024/11/26 00:00:00+00,NO CHANGE,,700002136,
1.73366135900005,60.80960967,261,a4db3b56-c96d-4f91-a4a9-1b14d7e416c1,ALWYN NORTH NAB,PLATFORM,TOTALENERGIES UPSTREAM UK LIMITED,PRODUCTION STEEL,Frigg UK System,,4326,WGS84,1.7335333,60.8096,ACTIVE,,,,,2024/11/26 00:00:00+00,NO CHANGE,,700002137,
2.61822129200004,54.3158298130001,262,13798b31-1f98-4b6f-aff0-006426246214,WINGATE PLATFORM,PLATFORM,WINTERSHALL NOORDZEE,WINGATE PRODUCTION PLATFORM, , ,4326,GCS_WGS_1984,0,0,ACTIVE, ,2011/07/25 00:00:00+00,, ,2024/11/26 00:00:00+00,NO CHANGE, ,700003344, 
-3.08901671299998,58.1141167270001,263,2b353f24-10f9-4256-a456-bbaafcb302bc,BEATRICE AP,PLATFORM,REPSOL RESOURCES UK,PRODUCTION STEEL,,,4326,GCS_WGS_1984,-3.0890167,58.1141167,ABANDONED,,,,,2024/11/26 00:00:00+00,NO CHANGE,,700002118,
-3.08768329399993,58.1146333730001,264,426436f1-9f42-4f29-825f-c12f98fb2013,BEATRICE AD,PLATFORM,REPSOL RESOURCES UK,DRILLING & ACCOMMODATION STEEL,,,4326,GCS_WGS_1984,-3.0876833,58.1146333,ABANDONED,,,,,2024/11/26 00:00:00+00,NO CHANGE,,700002119,
-3.02128327899993,58.147416735,265,be516e4a-20eb-4cf8-986d-90e89868bf49,BEATRICE CSS,PLATFORM,REPSOL RESOURCES UK,PRODUCTION,,,4326,GCS_WGS_1984,-3.0212833,58.1474167,ABANDONED,,,,,2024/11/26 00:00:00+00,NO CHANGE,,700002120,
-3.02166668099994,58.1472500040001,266,0b3a53d7-7914-4ec6-b63e-0e00ec30e99c,BEATRICE B,PLATFORM,REPSOL RESOURCES UK,PRODUCTION & ACCOMMODATION,,,4326,GCS_WGS_1984,-3.0216667,58.14725,ABANDONED,,,,,2024/11/26 00:00:00+00,NO CHANGE,,700002121,
-3.15333327999997,58.094066771,267,336c3d30-8f19-4f0a-9bdd-d6af98d7863e,BEATRICE C,PLATFORM,REPSOL RESOURCES UK,INJECTION STEEL,,,4326,GCS_WGS_1984,-3.1533333,58.0940667,ABANDONED,,,,,2024/11/26 00:00:00+00,NO CHANGE,,700002122,
0.334206019000021,58.416806815,268,4f5b9312-0b8d-4d6d-9800-c76fbeed6582,SALTIRE,PLATFORM,REPSOL RESOURCES UK,DRILLING PRODUCTION STEEL,Flotta System,,4326,GCS_WGS_1984,0.334206,58.4168068,ABANDONED,,,,,2024/11/26 00:00:00+00,NO CHANGE,,700002129,
0.072033352000062,58.3692499970001,269,1137b508-9c1d-46dc-aa50-b06667cde3b5,TARTAN A,PLATFORM,REPSOL RESOURCES UK,PRODUCTION LIFT,,,4326,GCS_WGS_1984,0.0720333,58.36925,NOT IN USE,,,,,2024/11/26 00:00:00+00,NO CHANGE,,700002133,
1.38688869300006,57.45113925,270,b03a8233-355f-4f69-82f8-390b0d6f17a2,MONTROSE BLP PLATFORM,PLATFORM,REPSOL RESOURCES UK,MONTROSE BLP PLATFORM,,,23031,ED_1950_UTM_Zone_31N,403292.194,6368968.47,ACTIVE,Heading 356.868,2014/06/21 00:00:00+00,,,2024/11/26 00:00:00+00,NO CHANGE,,700003749,
0.249572269000055,58.460737366,271,7e55a207-e0cb-4d2d-82f2-9e892d938905,PIPER B,PLATFORM,REPSOL RESOURCES UK,DRILLING PRODUCTION & ACCOMMODATION FIXED STEEL,Flotta System,,4326,GCS_WGS_1984,0.2494167,58.4607333,ACTIVE,,,,,2024/11/26 00:00:00+00,NO CHANGE,,700002128,
2.15360454700004,56.4920465960001,272,7b7b4291-ce3a-4631-9feb-20bfccda5ecd,FULMAR AD,PLATFORM,REPSOL RESOURCES UK,WELLHEAD STEEL,Fulmar Gas Pipeline,,4326,GCS_WGS_1984,2.15355,56.49205,ACTIVE,,,,,2024/11/26 00:00:00+00,NO CHANGE,,700002169,
-1.43990924599996,58.1009071660001,273,dfdc623d-8dd1-4ddd-b56f-dfd97fd88bb2,ROSS,FPSO,REPSOL RESOURCES UK,FPSO BLEOHOLM BLUEWATER,Ross FPSO,,4326,GCS_WGS_1984,-1.4401833,58.1009,ACTIVE,,,,,2024/11/26 00:00:00+00,NO CHANGE,,700002125,
-0.255077538999956,58.448705235,274,496da53d-5530-4d57-a494-a16c3bfedf25,CLAYMORE CPP,PLATFORM,REPSOL RESOURCES UK,PRODUCTION DRILLING STEEL,Flotta System,,4326,GCS_WGS_1984,-0.2552667,58.4487,ACTIVE,,,,,2024/11/26 00:00:00+00,NO CHANGE,,700002127,
-0.257527320999941,58.449088536,275,38ae4bbc-82e5-471d-8f52-b8dfcbbe6553,CLAYMORE CAP,PLATFORM,REPSOL RESOURCES UK,ACCOMMODATION STEEL,Flotta System,,4326,GCS_WGS_1984,-0.2577167,58.4490833,ACTIVE,,,,,2024/11/26 00:00:00+00,NO CHANGE,,700002126,
2.28700177600007,56.451963047,276,70cd1087-a412-497b-9317-a6662da10cae,CLYDE,PLATFORM,REPSOL RESOURCES UK,PRODUCTION DRILING STEEL,Norpipe Oil Pipeline,,4326,GCS_WGS_1984,2.28695,56.4519667,ACTIVE,,,,,2024/11/26 00:00:00+00,NO CHANGE,,700002123,
2.06192252900007,56.3999299480001,277,062004c9-0197-42f3-ba78-097357b5fe15,AUK A,PLATFORM,REPSOL RESOURCES UK,PRODUCTION & DRILLING STEEL,Norpipe Oil Pipeline,,4326,GCS_WGS_1984,2.0618667,56.3999333,ACTIVE,,,,,2024/11/26 00:00:00+00,NO CHANGE,,700002059,
1.38166551600006,57.374298852,278,00c161ff-1e3c-49ea-ba4c-2f9044d23f53,ARBROATH,PLATFORM,REPSOL RESOURCES UK,WELLHEAD ACCOMMODATION,Forties Pipeline System (FPS),,4326,GCS_WGS_1984,1.3815833,57.3743,ACTIVE,,,,,2024/11/26 00:00:00+00,NO CHANGE,,700001906,
2.15317132400003,56.4929633450001,279,58ee676f-4c9d-437f-ba21-0a62461b6b35,FULMAR A,PLATFORM,REPSOL RESOURCES UK,PRODUCTION & DRILLING STEEL,Fulmar Gas Pipeline,,4326,GCS_WGS_1984,2.1531167,56.4929667,ACTIVE,,,,,2024/11/26 00:00:00+00,NO CHANGE,,700002073,
1.38678294100004,57.450032267,280,cbf085a2-3460-43ea-8e66-421470cf7862,MONTROSE A,PLATFORM,REPSOL RESOURCES UK,PRODUCTION & DRILLING STEEL,Forties Pipeline System (FPS),,4326,GCS_WGS_1984,1.3867,57.4500333,ACTIVE,,,,,2024/11/26 00:00:00+00,NO CHANGE,,700001950,
1.72009349500007,61.095625662,281,20f5b898-9312-4f4c-ba59-0c639f865857,BRENT C,PLATFORM,SHELL PLC,BRENT C PLATFORM, ,CENTRE OF STRUCTURE,23090,"TM 0 N, ED50",592842.01,6774876.99,NOT IN USE,Platform Topsides Removed 9th July 2024 by Pioneering Spirit. GBS cells and legs remain in situ.,1978/07/01 00:00:00+00,, ,2024/11/26 00:00:00+00,MODIFY,STATUS CHANGE,,
1.52518123100003,53.61242086,282,f9a3dbb0-5f79-4e2e-9891-23d3a2fae0c1,BARQUE PB,PLATFORM,SHELL PLC,BARQUE PB, ,CENTRE OF STRUCTURE,23090,"TM 0 N, ED50",600995.01,5941696.98,ACTIVE, ,1990/04/01 00:00:00+00,, ,2024/11/26 00:00:00+00,NO CHANGE,NO UPDATE,,
1.63233000200006,53.5672181200001,283,a71c1963-70a6-41b3-943f-b309d5555c6e,BARQUE PL,PLATFORM,SHELL PLC,BARQUE PL, ,CENTRE OF STRUCTURE,23090,"TM 0 N, ED50",608198.22,5936825.89,ACTIVE, ,1994/08/10 00:00:00+00,, ,2024/11/26 00:00:00+00,NO CHANGE,NO UPDATE,,
1.70368596200007,61.034384161,284,34713e69-cd22-43a7-90cf-1082a80dc503,BRENT A,PLATFORM,SHELL PLC,BRENT A, ,CENTRE OF STRUCTURE,23090,"TM 0 N, ED50",592135,6768034,NOT IN USE,Platform Topsides Removed 22nd June 2020 by Pioneering Spirit. Steel jacket remains in situ.,1976/05/01 00:00:00+00,, ,2024/11/26 00:00:00+00,NO CHANGE,NO UPDATE,,
1.71136897800005,61.0553358770001,285,5595b6c1-182f-4460-a318-b8c9233f9fcb,BRENT B,PLATFORM,SHELL PLC,BRENT B, ,CENTRE OF STRUCTURE,23090,"TM 0 N, ED50",592489,6770377.99,NOT IN USE,Platform Topsides Removed 18th June 2019 by Pioneering Spirit. GBS cells and legs remain in situ.,1975/09/01 00:00:00+00,, ,2024/11/26 00:00:00+00,NO CHANGE,NO UPDATE,,
1.73443059200002,61.1318380600001,286,73266aa7-07a0-43b1-ae90-922ea7f63d76,BRENT D,PLATFORM,SHELL PLC,BRENT D, ,CENTRE OF STRUCTURE,23090,"TM 0 N, ED50",593508,6778930,NOT IN USE,Platform Topsides Removed 28th April 2017 by Pioneering Spirit. GBS cells and legs remain in situ.,1976/07/01 00:00:00+00,, ,2024/11/26 00:00:00+00,NO CHANGE,NO UPDATE,,
2.37924017500006,56.9003829430001,287,281f09b2-2b76-48bc-9513-9c3ba0266b01,JACKDAW,PLATFORM,SHELL PLC,JACKDAW PLATFORM, ,CENTRE OF STRUCTURE,23090,"TM 0 N, ED50",645000.15,6309035.2,ACTIVE,Revised As-Built Jackdaw Position derived from As-Built Installation Report FMAI-CP0561-THIALF-FM-FM04 issue 3,2023/08/05 00:00:00+00,, ,2024/11/26 00:00:00+00,MODIFY,STATUS CHANGE,,
1.54658119200008,61.583127592,288,5006fb7a-4d87-4729-9fc4-22ea9184e0b0,PENGUINS FPSO,FPSO,SHELL PLC,PENGUINS FPSO FPSO, ,CENTRE OF STRUCTURE,23090,"TM 0 N, ED50",582201.35,6828935.97,ACTIVE,Final As-Built position derived from UTEC Report Shell UK_Final Penguins FPSO position_20240722 Signed,2024/07/22 00:00:00+00,, ,2024/11/26 00:00:00+00,MODIFY,STATUS CHANGE,,
1.52676702200006,61.577159146,289,40379364-128f-49e1-9ea8-8403c9f37569,PENGUINS WAVERIDER,MONITOR BUOY,SHELL PLC,5 flashes in 10 seconds, ,CENTRE OF STRUCTURE,23090,"TM 0 N, ED50",581165.17,6828246.43,ACTIVE,Installed by Maersk Achiever 24/07/2024 derived from email notification from Survey Rep. Jeff Trevethan (0.9m Diameter),2024/07/24 00:00:00+00,, ,2024/11/26 00:00:00+00,MODIFY,GEOMETRY CHANGE,,
2.27007744100007,57.155666893,290,52ec33c9-ae01-4d77-8c8a-4e2b56f6996b,PIERCE WAVERIDER,MONITOR BUOY,SHELL PLC,4 LEDs Yellow (590nm) FL(5) 20S, ,CENTRE OF STRUCTURE,23090,"TM 0 N, ED50",637408.43,6337217.36,ACTIVE,Pierce Waverider Buoy Redeployed by Bureau Veritas Solutions Marine & Offshore. Deployed position notification from Shell Marine 29/08/2023,2023/08/29 00:00:00+00,, ,2024/11/26 00:00:00+00,MODIFY,GEOMETRY CHANGE,,
2.65500969100003,53.401741874,293,a67e333c-2b70-4651-855c-c1ee38fe9d96,BRIGANTINE BG,PLATFORM,SHELL PLC,BRIGANTINE BG, ,CENTRE OF STRUCTURE,23090,"TM 0 N, ED50",676599.9,5920461.58,ACTIVE, ,,, ,2024/11/26 00:00:00+00,NO CHANGE,NO UPDATE,,
2.69680532800004,53.4419764830001,294,8ae677f9-d558-41b6-b7f9-39f79067094e,BRIGANTINE BR,PLATFORM,SHELL PLC,BRIGANTINE BR, ,CENTRE OF STRUCTURE,23090,"TM 0 N, ED50",679208.59,5925040.5,ACTIVE, ,,, ,2024/11/26 00:00:00+00,NO CHANGE,NO UPDATE,,
2.89757051000004,53.42921318,295,18cab728-f0b1-4a33-ab1d-fc65af666fcf,CARAVEL QR,PLATFORM,SHELL PLC,CARAVEL QR, ,CENTRE OF STRUCTURE,23090,"TM 0 N, ED50",692597.2,5924144.3,ACTIVE, ,2007/08/12 00:00:00+00,, ,2024/11/26 00:00:00+00,NO CHANGE,NO UPDATE,,
2.79089712500007,53.57879824,296,82d4d1ba-1800-4864-8ffc-f8a9cc58447a,CARRACK QA,PLATFORM,SHELL PLC,CARRACK QA, ,CENTRE OF STRUCTURE,23090,"TM 0 N, ED50",684860.03,5940497.44,ACTIVE,Convergence 2.25º Grid less than True,,, ,2024/11/26 00:00:00+00,NO CHANGE,NO UPDATE,,
1.73202562800003,53.4587632330001,297,b5a60863-f367-4151-84f4-f2e08cf78ee2,CLIPPER PC,PLATFORM,SHELL PLC,CLIPPER PC, ,CENTRE OF STRUCTURE,23090,"TM 0 N, ED50",615093.33,5924917.66,ACTIVE, ,1991/01/01 00:00:00+00,, ,2024/11/26 00:00:00+00,NO CHANGE,NO UPDATE,,
1.72923137900005,53.4584836650001,298,69da04f8-38c7-49d7-8691-19409030247b,CLIPPER PH,PLATFORM,SHELL PLC,CLIPPER PH, ,CENTRE OF STRUCTURE,23090,"TM 0 N, ED50",614908.58,5924882.06,ACTIVE, ,2014/07/04 00:00:00+00,, ,2024/11/26 00:00:00+00,NO CHANGE,NO UPDATE,,
1.73264594900007,53.458566934,299,397ead78-2e25-4728-8d3b-544d0692a10e,CLIPPER PM,PLATFORM,SHELL PLC,CLIPPER PM, ,CENTRE OF STRUCTURE,23090,"TM 0 N, ED50",615135.04,5924896.83,ACTIVE, ,1994/04/22 00:00:00+00,, ,2024/11/26 00:00:00+00,NO CHANGE,NO UPDATE,,
1.73334912700005,53.458243619,300,de181eef-da45-40f0-81dc-0ca6a0a229d7,CLIPPER PR,PLATFORM,SHELL PLC,CLIPPER PR, ,CENTRE OF STRUCTURE,23090,"TM 0 N, ED50",615182.6,5924862,ACTIVE, ,,, ,2024/11/26 00:00:00+00,NO CHANGE,NO UPDATE,,
1.73089810700003,53.4585669150001,301,77290eac-0363-4065-a46d-c5e923f46ac5,CLIPPER PT,PLATFORM,SHELL PLC,CLIPPER PT, ,CENTRE OF STRUCTURE,23090,"TM 0 N, ED50",615019.01,5924894.01,ACTIVE, ,1990/04/01 00:00:00+00,, ,2024/11/26 00:00:00+00,NO CHANGE,NO UPDATE,,
1.73066174900003,53.4595348760001,302,28a732ef-e940-459c-b9bf-3c5930449b7e,CLIPPER PW,PLATFORM,SHELL PLC,CLIPPER PW, ,CENTRE OF STRUCTURE,23090,"TM 0 N, ED50",615000.7,5925001.3,ACTIVE, ,1989/08/01 00:00:00+00,, ,2024/11/26 00:00:00+00,NO CHANGE,NO UPDATE,,
2.62134922300004,53.2311804500001,303,751f304c-92ad-4f5d-9c3d-25bc5aebabc3,CORVETTE CV,PLATFORM,SHELL PLC,CORVETTE CV, ,CENTRE OF STRUCTURE,23090,"TM 0 N, ED50",675059.11,5901409.81,ACTIVE, ,,, ,2024/11/26 00:00:00+00,NO CHANGE,NO UPDATE,,
2.62240153400006,53.69484771,304,85d59890-81ef-483a-a1a1-0fd727cfb360,CUTTER QC,PLATFORM,SHELL PLC,CUTTER QC, ,CENTRE OF STRUCTURE,23090,"TM 0 N, ED50",673231.57,5952980.18,ACTIVE,Convergence 1.75º Grid less than True,2005/07/04 00:00:00+00,, ,2024/11/26 00:00:00+00,NO CHANGE,NO UPDATE,,
1.79827776800005,53.519814882,305,74f3d92b-0de2-4dd2-b427-72612d372e92,GALLEON PG,PLATFORM,SHELL PLC,GALLEON PG, ,CENTRE OF STRUCTURE,23090,"TM 0 N, ED50",619320.31,5931817.69,ACTIVE, ,1990/01/01 00:00:00+00,, ,2024/11/26 00:00:00+00,NO CHANGE,NO UPDATE,,
1.91719683300005,53.461962134,306,85276f8b-fdd8-4059-afeb-407302c27676,GALLEON PN,PLATFORM,SHELL PLC,GALLEON PN, ,CENTRE OF STRUCTURE,23090,"TM 0 N, ED50",627376.81,5925588.13,ACTIVE,"Convergence 1.542º True more than Grid.
SEE POSITION COMMENTS",1990/01/01 00:00:00+00,, ,2024/11/26 00:00:00+00,NO CHANGE,NO UPDATE,,
0.998424597000053,57.1843756440001,307,cb7bd07c-2cfd-43ef-af0d-30997273750f,GANNET A,PLATFORM,SHELL PLC,GANNET A, ,CENTRE OF STRUCTURE,23090,"TM 0 N, ED50",560447.36,6338569.24,ACTIVE, ,1991/01/01 00:00:00+00,, ,2024/11/26 00:00:00+00,NO CHANGE,NO UPDATE,,
2.13027032000002,53.090429026,308,609f276e-18ae-4080-9842-b2282c0030ec,LEMAN AC,PLATFORM,SHELL PLC,LEMAN AC, ,CENTRE OF STRUCTURE,23090,"TM 0 N, ED50",642752.78,5884665.64,ACTIVE, ,2014/08/18 00:00:00+00,, ,2024/11/26 00:00:00+00,NO CHANGE,NO UPDATE,,
2.12819504300006,53.08928961,309,14e69b16-24ed-40f4-8e45-2fda2c6ef973,LEMAN AD1,PLATFORM,SHELL PLC,LEMAN AD1, ,CENTRE OF STRUCTURE,23090,"TM 0 N, ED50",642617.59,5884534.78,ACTIVE, ,1967/06/01 00:00:00+00,, ,2024/11/26 00:00:00+00,NO CHANGE,NO UPDATE,,
2.13006455200002,53.0897827530001,310,16921d3e-9f0b-4cec-b4c6-ff4d40259f5e,LEMAN AD2,PLATFORM,SHELL PLC,LEMAN AD2, ,CENTRE OF STRUCTURE,23090,"TM 0 N, ED50",642741.14,5884593.35,ACTIVE, ,1969/09/01 00:00:00+00,, ,2024/11/26 00:00:00+00,NO CHANGE,NO UPDATE,,
2.12918465100006,53.0900679630001,311,35580d45-e655-42ad-be51-103dd1edd644,LEMAN AK,PLATFORM,SHELL PLC,LEMAN AK, ,CENTRE OF STRUCTURE,23090,"TM 0 N, ED50",642681.28,5884623.32,ACTIVE,Convergence 1.703º True more than Grid,1975/02/01 00:00:00+00,, ,2024/11/26 00:00:00+00,NO CHANGE,NO UPDATE,,
2.12919654200005,53.089543577,312,f9afd31c-7d76-4235-b298-4692d64c81a9,LEMAN AP,PLATFORM,SHELL PLC,LEMAN AP, ,CENTRE OF STRUCTURE,23090,"TM 0 N, ED50",642683.81,5884565.02,ACTIVE, ,1967/08/01 00:00:00+00,, ,2024/11/26 00:00:00+00,NO CHANGE,NO UPDATE,,
2.18403804500002,53.075809801,313,023e2dfc-45ce-43da-9559-89ddd102bf96,LEMAN BD,PLATFORM,SHELL PLC,LEMAN BD, ,CENTRE OF STRUCTURE,23090,"TM 0 N, ED50",646402.5,5883148.1,ACTIVE, ,1969/06/01 00:00:00+00,, ,2024/11/26 00:00:00+00,NO CHANGE,NO UPDATE,,
2.18507374500007,53.07606851,314,b73e635d-d546-49d5-a2f6-db09802484d3,LEMAN BP,PLATFORM,SHELL PLC,LEMAN BP, ,CENTRE OF STRUCTURE,23090,"TM 0 N, ED50",646470.99,5883178.99,ACTIVE,Convergence 1.75º Grid less than True,1969/09/01 00:00:00+00,, ,2024/11/26 00:00:00+00,NO CHANGE,NO UPDATE,,
2.17980158800003,53.0807834130001,315,0bb948c4-fad9-43f0-be24-166e3cae5b29,LEMAN BT,PLATFORM,SHELL PLC,LEMAN BT, ,CENTRE OF STRUCTURE,23090,"TM 0 N, ED50",646101.91,5883692.63,ACTIVE, ,1970/06/01 00:00:00+00,, ,2024/11/26 00:00:00+00,NO CHANGE,NO UPDATE,,
2.16082320100003,53.0960976420001,316,55d21bd5-4550-4052-8ce3-40b6e63e170a,LEMAN CD,PLATFORM,SHELL PLC,LEMAN CD, ,CENTRE OF STRUCTURE,23090,"TM 0 N, ED50",644779.5,5885357.4,ACTIVE, ,1970/07/01 00:00:00+00,, ,2024/11/26 00:00:00+00,NO CHANGE,NO UPDATE,,
2.16196784800007,53.096432803,317,6f93723f-eae3-4cab-9359-f132c8f623e3,LEMAN CP,PLATFORM,SHELL PLC,LEMAN CP, ,CENTRE OF STRUCTURE,23090,"TM 0 N, ED50",644855.01,5885396.99,ACTIVE,Convergence 1.73º True more than Grid,1970/07/01 00:00:00+00,, ,2024/11/26 00:00:00+00,NO CHANGE,NO UPDATE,,
2.18431783000005,53.008776432,318,60334791-c56b-4d04-a8ff-eafcba66a139,LEMAN D,PLATFORM,SHELL PLC,LEMAN D, ,CENTRE OF STRUCTURE,23090,"TM 0 N, ED50",646648.48,5875693.16,ACTIVE, ,1971/09/01 00:00:00+00,, ,2024/11/26 00:00:00+00,NO CHANGE,NO UPDATE,,
2.18690333100005,53.0520143790001,319,b116feee-51cc-46d2-9a0e-5fd6ec9eb0bd,LEMAN E,PLATFORM,SHELL PLC,LEMAN E, ,CENTRE OF STRUCTURE,23090,"TM 0 N, ED50",646675.2,5880507.4,ACTIVE, ,1982/01/01 00:00:00+00,, ,2024/11/26 00:00:00+00,NO CHANGE,NO UPDATE,,
2.06562847600003,53.1080317880001,320,b14c1d2b-c525-4a99-ba2c-d0018c030f92,LEMAN F,PLATFORM,SHELL PLC,LEMAN F, ,CENTRE OF STRUCTURE,23090,"TM 0 N, ED50",638368.02,5886496.71,ACTIVE, ,1985/12/01 00:00:00+00,, ,2024/11/26 00:00:00+00,NO CHANGE,NO UPDATE,,
2.10317887100007,53.1173026100001,321,f9784b9b-eee3-4491-b1d9-7752f6fb3dee,LEMAN G,PLATFORM,SHELL PLC,LEMAN G, ,CENTRE OF STRUCTURE,23090,"TM 0 N, ED50",640851.01,5887601,ACTIVE, ,1986/01/01 00:00:00+00,, ,2024/11/26 00:00:00+00,NO CHANGE,NO UPDATE,,
1.14399907900003,57.66222823,322,ee9b960a-24a0-41f2-8d38-02dd9f5e565f,NELSON A,PLATFORM,SHELL PLC,NELSON A, ,CENTRE OF STRUCTURE,23090,"TM 0 N, ED50",568351.21,6391899.28,ACTIVE, ,,, ,2024/11/26 00:00:00+00,NO CHANGE,NO UPDATE,,
2.84550000000007,53.3516666960001,323,30fb3b7a-0ebb-48c5-984b-1a28f8fa261a,OFF BOTNEY GROUND,BUOY,SHELL PLC,OFF BOTNEY GROUND, ,CENTRE OF STRUCTURE,23090,"TM 0 N, ED50",689482.81,5915381.01,ACTIVE,"Marks southern end of protection zone around Caravel and Shamrock Platforms
",2007/07/02 00:00:00+00,, ,2024/11/26 00:00:00+00,NO CHANGE,NO UPDATE,,
2.29309167700006,57.160787241,324,a673c7ba-b9da-4216-ab2c-be71c5522915,PIERCE FPSO HAEWENE BRIM,FPSO,SHELL PLC,PIERCE FPSO HAEWENE BRIM, ,CENTRE OF STRUCTURE,23090,"TM 0 N, ED50",638781.04,6337833.75,ACTIVE, ,,, ,2024/11/26 00:00:00+00,NO CHANGE,NO UPDATE,,
2.92245302800006,53.4695191320001,325,84487364-4fe7-4ee3-9d7c-a3811a459524,SHAMROCK QS,PLATFORM,SHELL PLC,SHAMROCK QS, ,CENTRE OF STRUCTURE,23090,"TM 0 N, ED50",694066.03,5928694.15,ACTIVE,Lucy - Smallfoot,2007/08/21 00:00:00+00,, ,2024/11/26 00:00:00+00,NO CHANGE,NO UPDATE,,
1.95380749000003,57.031546667,326,6d6a3007-3f02-4870-b275-5bfef6de68a4,SHEARWATER A,PLATFORM,SHELL PLC,SHEARWATER A, ,CENTRE OF STRUCTURE,23090,"TM 0 N, ED50",618676.88,6322811.26,ACTIVE, ,1997/07/18 00:00:00+00,, ,2024/11/26 00:00:00+00,NO CHANGE,NO UPDATE,,
1.95342502600005,57.0303910210001,327,0c7317ed-88c0-40f8-9b4a-bba043afb536,SHEARWATER C,PLATFORM,SHELL PLC,SHEARWATER C, ,CENTRE OF STRUCTURE,23090,"TM 0 N, ED50",618657.35,6322681.99,ACTIVE, ,1999/05/02 00:00:00+00,, ,2024/11/26 00:00:00+00,NO CHANGE,NO UPDATE,,
1.88411963700003,53.448929057,328,fefa3d91-4e90-4b2e-94a0-86d4628da9f7,SKIFF PS,PLATFORM,SHELL PLC,SKIFF PS, ,CENTRE OF STRUCTURE,23090,"TM 0 N, ED50",625219.41,5924079.87,ACTIVE, ,,, ,2024/11/26 00:00:00+00,NO CHANGE,NO UPDATE,,
